term,frequency
bsc nft,70
bnb bsc,68
nft nftcommunity,67
nftcommunity nft,65
nft bscgems,64
bscgems solana,64
btc eth,59
cryptocurrency airdrop,58
bnb binance,54
bsc bscgems,53
stakingrewards apy,52
bscgems bnb,52
autostaking stakingrewards,52
autocompounding autostaking,52
binance presale,49
apy bsc,48
solana btc,45
2 hours,40
eth cryptocurrency,36
stay tuned,28
get ready,27
fairlaunch starts,27
wait finally,27
finally guys,27
ready earn,27
guys fairlaunch,27
hours get,27
earn maximum,27
profits investments,27
updates autocompounding,27
investments stay,27
tuned updates,27
maximum profits,27
less 2,24
btc bnb,23
news metaclass,22
metaclass family,22
family voice,22
ask anything,22
ama session,22
session starting,22
starting less,22
amazing news,22
voice ama,22
hours ask,22
anything earn,22
earn rewards,22
rewards worth,22
worth 100,22
100 autocompounding,22
shiba floki,21
babycatcoinbsc babycatcoin,21
solana btcethereum,20
btcethereum cryptocurrency,20
ethereum bnb,19
babydoge shiba,18
burns babydoge,18
weekly burns,18
development weekly,18
babycatcoin extremely,18
bullish pushing,18
floki babydoge,18
6k members,18
pushing success,18
live 6k,18
success staking,18
staking live,18
extremely bullish,18
members 3d,18
babydoge bsc,18
bsc babycatcoinbsc,18
babycatcoinbsc 1000xgems,18
1000xgems moonshot,18
moonshot babycats,18
babycats babycatarmy,18
babycatarmy binancebnb,18
starts 2,18
3d nfts,18
nfts development,18
eth bnb,16
bitcoin ethereum,15
bnb xrp,15
babycatcoin btc,14
xrp cardano,14
could hit,13
others could,13
price data,13
data reveals,13
reveals bitcoin,13
cardano others,13
help donate,12
members please,12
lost friends,12
please help,12
home less,12
people home,12
left people,12
kzn left,12
floods kzn,12
less lost,12
donate crypto,12
family members,12
crypto share,12
share south,12
south africa,12
africa helpkznbnb,12
helpkznbnb 0x962833bef7f592d027a597b54642f2f18f03b5b5,12
0x962833bef7f592d027a597b54642f2f18f03b5b5 bscbtcbc1qe96eae8xsjqmafu2mpznvvuf309ua4xt2alqgc,12
crypto price,12
friends family,12
bnb crypto,11
sooncheers lndlrdbsc,10
crypto tothemoon,10
1 bnb,10
altseason bnb,10
bscgems altseason,10
protocols 6,10
6 tax1,10
tax1 shots,10
lndlrdbsc bscgems,10
shots reflections2,10
reflections2 pints,10
pints autoliquidity3,10
autoliquidity3 pub,10
pub productivity247,10
productivity247 fun,10
fun cmc,10
trillion crypto,10
cmc sooncheers,10
landlord_token kind,10
kind low,10
3 protocols,10
hour 3,10
low mc247,10
happy hour,10
mc247 happy,10
officialtravlad done,9
starts 3,9
3 hours,9
btc ethereum,9
1 trillion,9
race 1,9
hit milestone,9
good project,9
ethereum cryptocurrency,8
scam scam,8
happy easter,8
bnb btc,8
want win,7
bsc bnb,7
officialtravlad thank,7
babycatcoin given,7
officialtravlad bnb,7
top 10,7
given everyone,7
everyone opportunity,7
opportunity great,7
great hold,7
hold wont,7
regret babycatcoinbsc,7
win big,7
big invest,7
invest token,7
token babycatcoinbsc,7
wont regret,7
binance btc,6
binance wait,6
metamask crypto,6
3d meta,6
trust wallet,6
elahlvc clockx24,6
drselim4 elahlvc,6
berkkocmn drselim4,6
project berkkocmn,6
need logo,6
meta mask,6
beam bnb,6
logo 3d,6
besoin logo,6
bnb besoin,6
bug btc,6
clockx24 beam,6
logo nft,6
nft metamask,6
10 cryptocurrency,5
crypto coinbase,5
opensea bug,5
faut bien,5
officialtravlad notifications,5
il faut,5
sugardaddy il,5
coinbase sugardaddy,5
ratio opensea,5
bnb eth,5
buy babyokx,5
like listed,5
crypto passiveincome,5
cryptocurrency live,5
link buy,5
would like,5
zebi ratio,5
bien le,5
live prices,5
ah zebi,5
apr 172022btc,5
00000000016comments coins,5
coins would,5
air bnb,5
le faire,5
faire hein,5
hein trust,5
wallet ah,5
bot scam,4
bbnt invest,4
metawar wtf,4
wtf hired,4
investing crypto,4
invest investing,4
discount link,4
bbntoken bbnt,4
hired miners,4
use discount,4
miners 1,4
amp wizards,4
project great,4
ill make,4
cryptos binancesmartchain,4
binancesmartchain defi,4
dont miss,4
bnb chain,4
arena amp,4
wizardia arena,4
buy wizardia,4
bscgems bscgem,4
video youtube,4
make video,4
scam ill,4
babycatcoinbsc want,4
altcoinseason bnb,4
cym bnb,4
win bnb,4
bsc cryptocurrency,4
cryptocurrency binance,4
bscgem altcoinseason,4
defi bscgem,4
goneno reponse,4
eth sol,4
chat bot,4
web3 domain,4
domain sale,4
couple days,4
wizards nft,4
nft nftcommmunity,4
clicked pocket,4
officialtravlad wish,4
p2e nfts,4
nfts earn,4
earn game,4
adminfor question,4
pocket bnb,4
bnb got,4
reponse adminfor,4
binance bnb,4
got earned,4
binance amazing,4
earned amount,4
amount 1,4
bnb goneno,4
question got,4
days clicked,4
got ban,4
nft cheaperlink,4
code 55h5q1uu9xplay2earn,4
cheaperlink code,4
telegram chat,4
bnb couple,4
passiveincome btc,4
cryptogems555 babycatcoinbsc,4
sol wizardia,4
wizardia nft,4
ban telegram,4
landshopbnb web3,4
nft p2e,4
55h5q1uu9xplay2earn crypto,4
defi faas,3
good luck,3
wish luck,3
cryptobnb bsc,3
following notifications,3
done bnb,3
bnbbsc chain,3
10 bnb,3
convert bnbbsc,3
sir bnb,3
metawarofficial metawar,3
chain oktoec,3
510 minutes,3
wallet receive,3
amazing project,3
ada bnb,3
staking nft,3
think project,3
officialtravlad amazing,3
y360 autocompounding,3
highapy rewards,3
bscgemsalert babycatcoin,3
hit themilestone,3
nft sale,3
libero bnb,3
liberofinancial libero,3
btc bitcoin,3
bnb bitcoin,3
rewards bsc,3
apy highapy,3
crypto defi,3
binance coin,3
babycatcoin bsc,3
2 weeks,3
bsc doge,3
upbnb bsc,3
bnb avax,3
travladdsafulegends creatinghistorychanginglivesbnb,3
lets gooooo,3
sirbnb bsc,3
bscgem crypto,3
gooooo notigang,3
notigang travladdsafulegends,3
titano bscgems,3
creatinghistorychanginglivesbnb bsc,3
bnb nft,3
floki titano,3
doge shiba,3
expect supported,2
ok chainafter,2
chainin ok,2
oktoec chainin,2
token convert,2
continues expect,2
babyokx slippage,2
chainafter 510,2
project continues,2
minutes wallet,2
receive oktswap,2
oktswap jswapuse,2
jswapuse okt,2
okt buy,2
supported great,2
officialtravlad pick,2
hope project,2
prospects hope,2
slippage 14contract0xe24b533d2170e808b64e7e22cc4006d19dfad70e,2
nft opensea,2
future prospects,2
babyokx token,2
nft metaverse,2
great team0xa33a19be0e183490f1edcfb54ed55e5065286a50token,2
crypto assets,2
binance coinbase,2
bsw xms,2
xms bnb,2
price updates,2
updates different,2
different crypto,2
assets get,2
1week social,2
get price,2
price predictions,2
predictions slothtradingbtc,2
miss bnb,2
predictions every,2
every hour,2
social engagement1,2
coins 1week,2
bsc binance,2
defi bsc,2
team0xa33a19be0e183490f1edcfb54ed55e5065286a50token eth,2
btc bsc,2
brooks92266313 themooncarl,2
project clear,2
crypto bsc,2
cryptogems555 cz_binance,2
bsc cryptos,2
ecosystem coins,2
cryptos cakecake,2
link shib,2
current top,2
cakecake bsw,2
chain ecosystem,2
thank sirbnb,2
clear future,2
marvin_inu bscpitbull,2
213uni 958gm,2
coin computer,2
pressed withdrawal,2
withdrawal button,2
crypto financial,2
financial freedom,2
great team,2
manifesting winbig,2
freedom cryptos,2
themooncarl babycatcoin,2
cryptocurrency doggerarmy,2
nftgiveaway cryptocurrency,2
etherum nftgiveaway,2
memecontest etherum,2
fahad__yd cz_binance,2
officialtravlad wait,2
cz_binance babycatcoinbsc,2
nft bnb,2
2 friends,2
solana solana,2
avax sol,2
aaronmongress cryptogems555,2
project looks,2
bnb wallet,2
eth altcoins,2
btc crypto,2
youbnb bsc,2
giveaway nft,2
testnet nft,2
engagement1 cake2,2
excellent project,2
bitcoin btc,2
financeh2o excellent,2
cz_binance binance,2
4736mana 213uni,2
213uni 959gm,2
realflokiinu marvin_inu,2
puli_token realflokiinu,2
babydogecoin puli_token,2
bnbchain babydogecoin,2
master_bnb bnbchain,2
metaverse nft,2
ethereum eth,2
crypto cryptocurrency,2
cz_binance please,2
fahad__yd altcryptocom,2
binance cz_binance,2
donebnb bsc,2
officialtravlad donebnb,2
matic bnb,2
cz_binance landshopbnb,2
keep nu,2
0xd1673c00ac7010bf2c376ebea43633dd61a81016eth 0xb622400807765e73107b7196f444866d7edf6f62,2
jack babycatcoinbsc,2
cryptocurrency airdropcrypto,2
husseinnn_a jack,2
ada vet,2
altcryptocom babycatcoinbsc,2
encrypted currency,2
cz_binance cctip_com,2
cake2 quack3,2
bnb staking,2
time high,2
back time,2
climb back,2
start climb,2
ranges start,2
date ranges,2
day date,2
7 day,2
amp 7,2
24hr amp,2
list 24hr,2
gainers list,2
quack3 rbxs4,2
cmc top,2
girl cmc,2
panda girl,2
bitcoin bnb,2
giveaway officialtravlad,2
biggest giveaway,2
airdrop cryptocurrency,2
bitcoin airdrop,2
solana bitcoin,2
bscgemsalert solana,2
nftcommmunity bscgemsalert,2
luckbnb bsc,2
wish luckbnb,2
bnb get,2
high remember,2
remember nft,2
nft minting,2
notifications bnb,2
avantgarde sharpened,2
sharpened sensibility,2
sensibility im,2
im happy,2
happy give,2
give one,2
one im,2
im thankyoumashkol400,2
thankyoumashkol400 kingpersia181,2
kingpersia181 alivala8,2
alivala8 nazaninbanoo9rfc,2
nazaninbanoo9rfc bnb,2
bitcoin altcoin,2
minting less,2
art btc,2
anime art,2
elonmusk anime,2
nft elonmusk,2
nfts nft,2
bnb nfts,2
smartchain bnb,2
bsc smartchain,2
pgirl bsc,2
late pgirl,2
dont late,2
weeks dont,2
05 bnb,2
officialtravlad joined,2
project feel,2
nft development,2
bnb ada,2
price dropped,2
cryptocurrency btc,2
milestone forbes,2
nft ethereum,2
pickawbnb bsc,2
2022twitterpicker pickawbnb,2
win 2022twitterpicker,2
decemberbig win,2
win decemberbig,2
novemberbig win,2
win novemberbig,2
octoberbig win,2
win octoberbig,2
septemberbig win,2
win septemberbig,2
augustbig win,2
win augustbig,2
julybig win,2
win julybig,2
junebig win,2
win junebig,2
maybig win,2
win maybig,2
aprilbig win,2
win aprilbig,2
winbig win,2
bsc defi,2
world doesnt,2
doesnt need,2
officialtravlad lets,2
u knw,2
surge bnb,2
granitacademy shibaswife,2
distribution officialtravlad,2
prize distribution,2
remember prize,2
please remember,2
giveaway please,2
consider giveaway,2
please consider,2
sir please,2
officialtravlad sir,2
revenuecoin bnb,2
need banks,2
best project,2
project ever,2
project team,2
idea project,2
ever babycatcoin,2
forbes crypto,2
nice project,2
2022 dont,2
cylum cym,2
ngos needs,2
policymakers ngos,2
banks policymakers,2
feel avantgarde,2
top gainers,2
crypto financialfreedom,2
nftcommmunity nft,2
time project,2
drop bnb,2
first time,2
simply_holly cryptogems555,2
done sir,2
bnb giveaway,2
financialfreedom cryptos,2
bnb presale,2
notifications followingretweeted,2
buy big,2
carfuelfinance wait,2
followingretweeted bnb,2
long life,2
cryptonic2071 cryptogems555,2
wealthbearapp cz_binance,2
officialtravlad always,2
cult9 rise,2
kiba5 babydogecoin6,2
luck bnb,2
im following,2
sir im,2
rbxs4 kiba5,2
always bnb,2
rise flokiinubep20,2
notifications sir,2
cow8 cult9,2
puli7 cow8,2
babydogecoin6 puli7,2
life changing,2
wonderful project,2
nftcollection defi,1
make another,1
stories make,1
nftcommunity nftmarketplaces,1
nftcollectible nftcollection,1
nftmarketplaces cryptoart,1
timeshare fun,1
metaverse tcg,1
tcgworld metaverse,1
nftart nft,1
soldenterart enternft,1
nfts soldenterart,1
nfts created,1
security_sleuth wait,1
bnb claim,1
ca 0xf0e7c810f86df8781ecafeba45e2a0440e62764a,1
bnb defi,1
lrc slp,1
officialtcgcoin tcgworld,1
metaverse blockchain,1
thousand soonnftcommunity,1
unique n,1
soonnftcommunity nfts,1
something unique,1
losing diamond,1
r losing,1
people r,1
jst sol,1
nfts nftgiveaway,1
nftgiveaway airdrop,1
nft nftgiveaways,1
search gold,1
meme entry,1
jack babycatcoin,1
bnb go,1
bag bnb,1
ive bag,1
mateusz02956130 ive,1
yanasuporovska floods,1
sol bnb,1
vet crv,1
keep one,1
one btc,1
nu fida,1
new article,1
milestone get,1
latest adax,1
send bnb,1
bnb giveaways,1
nftrevomon send,1
market cap,1
way upbnb,1
officialtravlad crypto,1
bitcoin money,1
tcg dragon,1
soonnft bnb,1
newsrace trillion,1
memecoins ethereum,1
near future,1
world finance,1
new arena,1
onboarding soonnft,1
partners onboarding,1
next huge,1
whats next,1
metaverse history,1
made metaverse,1
unique amp,1
biggest deal,1
thing biggest,1
big thing,1
wallets defi,1
passiveincome dyor,1
quality utilities,1
utilities metaverse,1
next big,1
part next,1
metaverse amp,1
vinusquad wait,1
nftgiveaways freenft,1
bep20 ca,1
usdt 000002474,1
yarosvet_r 7glrmrviafrxwge,1
swing miss,1
poocoin bep20,1
pancakeswap poocoin,1
buy pancakeswap,1
buysell buy,1
nft collection,1
nft amp,1
noanother swing,1
nfts instead,1
posted bunch,1
time posted,1
last time,1
learn comments,1
marketing nft,1
youd learn,1
think youd,1
youd think,1
binance youd,1
stepbnb ghc,1
binance stepbnb,1
prices 0715,1
powered robostopia,1
usdc 000002473,1
bnb 001025121,1
send 1000,1
officialtravlad send,1
small amount,1
betwn tokens,1
new nft,1
polygon shibaramy,1
starting 032,1
money eu,1
prevent local,1
local people,1
people ousted,1
ousted home,1
bnb owners,1
top collection,1
naftypunk legend,1
naftyart join,1
join discord,1
audit think,1
uncx_token created,1
presale uploaded,1
uploaded logo,1
logo middle,1
middle quit,1
quit cant,1
bnb deducted,1
nftcollector00 landshopbnb,1
mexc_global great,1
work team,1
team soon,1
soon binance,1
binance dyoruniswap,1
next100xgems chainlink,1
nearprotocol cosmos,1
vito007111 danik11_subot,1
shown money,1
yet shown,1
rwhitehouse13 dont,1
slp axs,1
axs avax,1
legend 46,1
sol zen,1
zen bnb,1
shib iotx,1
bnb ava,1
bitgertbrise havent,1
received bnb,1
since bought,1
buy hold,1
sandsfootjewels rwhitehouse13,1
need research,1
shown yet,1
new ath,1
research said,1
said know,1
know deprived,1
nothing youve,1
wait new,1
shib wait,1
today auction,1
auction next,1
next 3,1
bgnmachine cylum,1
youve shown,1
litecoin dai,1
shibaramy polkadot,1
welcome new,1
polkadot polkastarter,1
saitamask saitama,1
vet zil,1
xec bnb,1
rootroop saitamask,1
luckyroo rootroop,1
luckyrootoken luckyroo,1
memebank_ex wait,1
saitama dyor,1
shib saitama,1
rune buy,1
lose cases,1
may lose,1
big pumpata,1
u may,1
legit u,1
pumpata jst,1
r legit,1
tokens dat,1
iotx lrc,1
bnb keep,1
u gamble,1
nu dent,1
officialtravlad babycatcoin,1
legit every,1
n legit,1
sale domain,1
please buy,1
xrp vet,1
shib xrp,1
nowbtc shib,1
binance shib,1
polkastarter hex,1
owners moving,1
make 100x,1
soonthe first,1
solana terra,1
wait success,1
success projectdogecola,1
projectdogecola btc,1
bnb etherum,1
nft dogecola,1
terra xrpcommunity,1
xrpcommunity cardanoada,1
shib bscgems,1
buy nowbtc,1
priced 41437is,1
kinda weak,1
weak binancecoin,1
rovercrc landshopbnb,1
officialtravlad oh,1
oh times,1
times almost,1
bnb bnbchain,1
luckyroodraw giveaways,1
wolfpack 100xgem,1
lrc buy,1
saitama wolfpack,1
related news,1
officialdaveee manifesting,1
officialtravlad goodluckpickaw,1
project perfect,1
project bright,1
un iphone,1
je gagne,1
mask inchalah,1
rien compris,1
avalanche bull,1
tether avalanche,1
ust bnb,1
luna ust,1
avax ethereum,1
waycrypto btc,1
trades along,1
takeawayimprovise trades,1
risk gainbest,1
moreno risk,1
lose gain,1
world cryptocurrencybnb,1
promising think,1
project good,1
team idea,1
special project,1
really think,1
perfect truebuybbntoken,1
nft promote,1
truebuybbntoken bbntoken,1
youfollow catchpay8,1
made youfollow,1
miss golden,1
seasondont miss,1
rfcoin wonderful,1
tfuel vet,1
ltc tfuel,1
sand ankr,1
mana sand,1
bnb mana,1
shib ada,1
promisingxrp shib,1
looks promisingxrp,1
react hybrid,1
levia react,1
titano bnb,1
titanofork titano,1
like titanofork,1
u like,1
x100 2022,1
think bsc,1
officialtravlad special,1
prices 0705,1
metaverse gamefi,1
nftcommunity metaverse,1
taken 1,1
raised taken,1
presale funds,1
taken bnb,1
tokens taken,1
safe tokens,1
launchpad developers,1
legitimate launchpad,1
safe legitimate,1
provide safe,1
look provide,1
reward congratulations,1
redeem reward,1
web redeem,1
team web,1
sign correctly,1
kindly sign,1
package kindly,1
ridwan_5diamond hello,1
mebtc adresbc1qaerzq4756y4zs24tf0vxc9hmkh83p4kp9nsymwtether,1
need help,1
twitter amp,1
telegram additional,1
months bring,1
window activate,1
near coinbase,1
opensea bsc,1
avax nft,1
xrp defi,1
blockchain btc,1
bitcoin blockchain,1
near bitcoin,1
todaybinance fil,1
weeks todaybinance,1
next window,1
many innovative,1
lockin next,1
mweb lockin,1
pumplibero liberofinancial,1
place estimate,1
popular coi,1
top againtop,1
libero top,1
usersbuybbntoken bbntoken,1
members usersbuybbntoken,1
join giveaway,1
promote airdrop,1
buy ltc,1
moonmark_ scam,1
yobit farming,1
thank youbnb,1
make reservation,1
message ido_presale,1
send message,1
want advertise,1
presale followers,1
buy 50100,1
page buy,1
tag 2,1
treetanium3 tag,1
us treetanium3,1
retweet 2,1
trt complete1,1
bnb 3000,1
monde need,1
le monde,1
tout le,1
jfais comme,1
nsm jfais,1
owemgl nsm,1
yobit dogecoin,1
scam dont,1
bnb busd,1
trust guy,1
sphere spherefork,1
safuu fork,1
safuufork safuu,1
titanofork safuufork,1
solidity financetitano,1
teamaudited solidity,1
kycd teamaudited,1
link kycd,1
livepresale link,1
launch contributorspresale,1
presalenft airdrop,1
raised 15,1
bnb guys,1
simply_holly aegean2356,1
may dump,1
pumped 300,1
noti bnb,1
turn noti,1
officialtravlad already,1
money surge,1
stole money,1
miss guys,1
baby best,1
moon baby,1
kucoincom moon,1
simply_holly bscgemsalert,1
xtz enj,1
theta xtz,1
vet theta,1
xlm vet,1
near xlm,1
link algo,1
xrp link,1
avax xrp,1
solana dot,1
terra cro,1
matic terra,1
bnb matic,1
till 2152adbnbtc,1
mining contract,1
mined 15894700to,1
pow 5105300,1
opensea click2earn,1
polygon opensea,1
matic polygon,1
busd matic,1
babycatcoin way,1
way babycatcoin,1
xsurgedefi please,1
tweetjoin link,1
simply_holly kucoincom,1
wtc twt,1
mina btt,1
bnb mina,1
zec ata,1
keep zec,1
poly iotx,1
sol poly,1
shib sol,1
profitssave tweetjoin,1
please return,1
lose huge,1
jasmy dent,1
buy jasmy,1
us win,1
big help,1
thank advance,1
stole investors,1
money stole,1
return money,1
person need,1
tron bnbcan,1
tether eth,1
blockchain crypto,1
startups venturecapital,1
startup startups,1
sale domains,1
binanceafrica happy,1
nym astr,1
sol nym,1
pbx cult,1
searches coingecko,1
trending searches,1
meetkevinwin amazing,1
volatility detection,1
term volatility,1
short term,1
bar close,1
bar 414051,1
bnb impulse,1
tutorial crypto,1
us binance,1
binance us,1
buy bnb,1
waxp mir,1
venturecapital domainnames,1
bitcoin domainforsale,1
shib doge,1
web3 bsc,1
people noticing,1
time people,1
okaybears amazing,1
success futurebnb,1
officialtravlad success,1
wish officialtravlad,1
opportunity wish,1
thank opportunity,1
pitbulltoken pitbull,1
nice pitbulltoken,1
bithumbglobal nice,1
bybit_official bithumbglobal,1
kucointurkey bybit_official,1
binance_turkish gate_io,1
binanceus bnbchain,1
kucoincom cryptocom,1
pitmagcommunity huobiglobal,1
twitter pitmagcommunity,1
virtualland virtualrealestate,1
metaverse virtualland,1
bigdata nft,1
lpnt waxp,1
shib bnb,1
ldx shib,1
sol ldx,1
babydoge bluesparrow,1
misskishu babydoge,1
shib 2022,1
missed shib,1
missed dot,1
link2020 missed,1
missed link2020,1
bnb 2019,1
missed bnb,1
missed ada2018,1
missed eth2017,1
xrp2016 missed,1
missed xrp2016,1
missed doge2015,1
missed btc,1
jst twt,1
one jst,1
bnb one,1
lina clv,1
super lina,1
ltc chart,1
bluesparrow altcoins,1
spacebirddefi good,1
project sumanjoshi856jiyana66spacebirddefi,1
terra avalanche,1
month expert,1
price increase,1
sand price,1
made 50x,1
world made,1
blockchain web3,1
shibainu dogelonmars,1
uniswap dogecoin,1
avalanche uniswap,1
walletsbitcoin ethereum,1
sumanjoshi856jiyana66spacebirddefi yieldfarming,1
keep walletsbitcoin,1
prices 0710,1
lligenft heyitstitooo,1
rftpclub lligenft,1
isekaimeta rftpclub,1
slothtradingbtc 4040467ava,1
binancesmartchain btc,1
pancakeswap cryptocurrency,1
yieldfarming airdrop,1
noticing upside,1
upside potential,1
potential sol,1
minebrain0827 bismillah,1
massive airdrop,1
win fota,1
running win,1
bnb eggs,1
binancezh bnb,1
metawarofficial coinbase,1
bnb happy,1
bnb ata,1
xrp bnb,1
one dent,1
nu clv,1
sol keep,1
readylook chart,1
bag readylook,1
big bag,1
soon buy,1
pump soon,1
time amiin,1
win first,1
big win,1
bisa big,1
prizepool 10000,1
watcherguru bitcoin,1
bitcoin binance,1
one cake,1
mln ftt,1
tru akro,1
lina tru,1
mda lina,1
xmr mda,1
psg xmr,1
bico psg,1
bake dnt,1
cake bake,1
vet one,1
binance altcoin,1
movr btc,1
mtl movr,1
ogn fil,1
jasmy ogn,1
nebl jasmy,1
multi nebl,1
qatarworldcup2022 multi,1
worldcup2022 qatarworldcup2022,1
pancakeswap bscgem,1
bismillah bisa,1
officialtravlad minebrain0827,1
sol eth,1
swing btc,1
pick pleasehope,1
twitters future,1
map twitters,1
bnb gets,1
vet mana,1
iotx iota,1
nu iotx,1
om nu,1
bnb om,1
become new,1
shib zec,1
buy dip,1
sun buy,1
near amp,1
thebinancenft wait,1
project expectationbuybbntoken,1
believe project,1
timeline believe,1
avax bgc,1
luna ht,1
bnb luna,1
pleasehope win,1
win daughters,1
bdaythank youbnb,1
oragonx hegg,1
bnb bep200xf79c4a34a9762a72321be4266eddd5f3cf736294,1
thewondergirl4 bnb,1
soccerfan_io hihellomaxnadie_najmsajede_6800ssarabrminabnbripple,1
themooncarl want,1
bnb life,1
join bnb,1
busd go,1
random followers,1
wow 3000,1
bnb altcoin,1
le boss,1
next 100xx,1
shill next,1
buybbntoken bbntoken,1
tfuel btc,1
pond tfuel,1
steady btc,1
primed hold,1
pretty primed,1
looking pretty,1
zec bnb,1
successful project,1
market become,1
mcap soon,1
officialtravlad super,1
babyokxokc coinmarketcap,1
xrp 00006000,1
qtum 0006400,1
bnb 07999,1
bybit btc,1
binance amp,1
price differences,1
soon bnb,1
x1000 mcap,1
rock keep,1
marvininu heading,1
bags marvininu,1
space ahead,1
take crypto,1
set take,1
token set,1
named elonmusks,1
token named,1
marvin token,1
super rock,1
keep going,1
awesome hoping,1
officialtravlad following,1
button 1,1
button pressed,1
wallet pressed,1
bnb deposited,1
bean_printer cant,1
timei hope,1
long timei,1
turned long,1
notifications turned,1
lets gobnb,1
officialtravlad least,1
prices 0725,1
blessbnb bsc,1
luck god,1
much generosity,1
thank much,1
today thank,1
luck today,1
see luck,1
least see,1
marvin_inu marvin,1
youre awesome,1
madeplease reply,1
time get,1
itmetawarden wardenswap,1
plzz go,1
tofu 15,1
nftrade tofu,1
available nftrade,1
super 231,1
metawarden class,1
wants metawarden,1
itbnb bsc,1
one hope,1
robinhoodapp 10,1
never got,1
months never,1
officialtravlad 3,1
ive following,1
officialtravlad ive,1
legendbnb bsc,1
bep20 easter,1
bnb bep20,1
wallet bnb,1
milest cryptonews,1
million users,1
man youre,1
sounds good,1
stay generous,1
others help,1
lending others,1
keep hand,1
need always,1
awesome another,1
woah amazingly,1
noti gang,1
officialtravlad noti,1
times ahead,1
users strikexofficial,1
succeeds exciting,1
team succeeds,1
much team,1
wallet much,1
awesome wallet,1
plus dex,1
theyre plus,1
strikex everything,1
strikexofficial 10k,1
weeks ago,1
reply quickly,1
biggest wish,1
project bnb,1
testnet amp,1
mining liveproof,1
bnb coin,1
mine bnb,1
mine binance,1
jm_op8reza83517153miniapenftcylum cym,1
project jm_op8reza83517153miniapenftcylum,1
super project,1
wallet address,1
newcryptocurrency altseason,1
kol coverage1,1
sidelinesthailand ico,1
sitting sidelinesthailand,1
nobody ever,1
life nobody,1
best day,1
saga best,1
prequel saga,1
presale prequel,1
metaverse onto,1
sale kol,1
sale featured,1
smart chain3,1
xtag xtagbuy,1
trustwallet btc,1
kucoin altcoin,1
kraken kucoin,1
binancesmartchain binance,1
okex binancesmartchain,1
metaverse coinbase,1
bittrex metaverse,1
xtagxtagusdt bittrex,1
xtagbuy xtagxtagusdt,1
babyokxokc buy,1
multiple videos,1
bnb bscgemsalert,1
wishes happy,1
links gamefi,1
us click,1
said us,1
kols said,1
sale going,1
kols interested,1
videos influential,1
pancakeswap4 demonx5,1
smart chainbnb,1
officialtravlad setbnb,1
nft robowolf8wspp,1
week stay,1
nfts coming,1
yieldzilla egg,1
week yieldzilla,1
martinleopard9 wait,1
binancenft nftcommunity,1
binance binancenft,1
wolfiland binance,1
robowolf8wspp gwspp,1
today staking,1
week mint,1
supporting project,1
luxylaunch supporting,1
pancakeswap binancechain,1
pancakesquad pancakeswap,1
placed 0x23a844d,1
bnb 3652979,1
purchased 8820,1
pancakesquad 7226,1
setbnb bsc,1
tuned early,1
mint date,1
binance smart,1
looks promising,1
supply 2,1
total supply,1
billion total,1
ontowallet demonecosystem,1
binance czbinance,1
shibaswife bnb,1
right shibaswife,1
potential im,1
promising great,1
shibaswife project,1
ydz nft,1
must notifications,1
minutes 5,1
next 60,1
officialtravlad next,1
retweets following,1
someone retweets,1
sending 1000,1
p2egame bnb,1
nft p2egame,1
wish win,1
officialtravlad biggest,1
rmoonofficial altcoins,1
thanks officialtravlad,1
pujaastwabodanarajramdavidbodanisgiveaway binance,1
winner pujaastwabodanarajramdavidbodanisgiveaway,1
lucky winner,1
best hopei,1
lots attractionswish,1
project lots,1
projectthanks giving,1
promising projectthanks,1
shibaswife definitely,1
walexy_nyc happy,1
solana airdrop,1
ummunoor10 walexy_nyc,1
leichiz22 ummunoor10,1
olatunjiolumid3 leichiz22,1
olisexchange olatunjiolumid3,1
juliox17 doctor_whho,1
officialtravlad ciscodasilva,1
new futurerevenue,1
turn formation,1
team hope,1
nftcommunity bsc,1
please pick,1
successful believe,1
participate campaign,1
win lottery,1
lottery win,1
ticket lottery,1
stake 05,1
step stake,1
next step,1
bnb account,1
least 05,1
must least,1
top participate,1
bikerush_ bnb,1
stepn top,1
see active,1
travladd crypto,1
joined travladd,1
thingstravladd bnb,1
live good,1
long live,1
officialtravlad long,1
yeah buy,1
believe idea,1
promises successful,1
thank biggest,1
rbx rbxs,1
avax xtz,1
nfts bnb,1
see nfts,1
minutes see,1
take 2,1
monstapartynfts take,1
mony bnb,1
rbxsamurai crypto,1
rbxs rbxsamurai,1
website rbx,1
matic soon,1
telegram website,1
tokensrbxslinktree telegram,1
world tokensrbxslinktree,1
revolution digital,1
thisnever give,1
win thisnever,1
may win,1
officialtravlad may,1
notifications glbnb,1
xtz matic,1
soon solana,1
project promises,1
buy presale,1
project project,1
referral contract,1
rewards referral,1
bnb 50,1
website get,1
link website,1
referral link,1
use referral,1
presale use,1
join free,1
solana cro,1
bnb feg,1
onlygems btc,1
needs defi,1
newsthe world,1
nftsanonymous babycatcoin,1
token protocol,1
rewards token,1
auto rewards,1
token auto,1
lottery bnb,1
officialtravlad tg,1
thank helping,1
bnb among,1
need bnb,1
officialtravlad need,1
kucoincom panda,1
step done,1
officialtravlad step,1
winbnb bsc,1
officialtravlad hope,1
retweet drop,1
people follow,1
membersbnb bsc,1
since day,1
team membersbnb,1
reliable team,1
life reliable,1
teamwork always,1
satisfying teamwork,1
project satisfying,1
project extraordinary,1
officialtravlad project,1
travladd bnb,1
joined giveaway,1
luck anyways,1
life good,1
platform convert,1
receive okt,1
waiting wallet,1
minutes waiting,1
okt gas,1
pay okt,1
need pay,1
oktcauz need,1
bnb oktcauz,1
oktoec chainplease,1
tokencross chaingo,1
winner also,1
babyokx tokencross,1
yourpop8 babycatcoin,1
luck everyone,1
officialtravlad good,1
notifications cryptobnb,1
thank generositybnb,1
succes thank,1
team succes,1
whole team,1
things travladd,1
thank officialtravlad,1
tg rajeshwar,1
people people,1
say goin,1
party say,1
bnb party,1
much hate,1
sad children,1
blockchain bitcoin,1
binance cryptocurrency,1
peoplebscgems bnb,1
people peoplebscgems,1
omax people,1
bad parents,1
themooncarl panda,1
positionex amazing,1
bnb magiccraftgame,1
mcrt btc,1
long mcrt,1
strong long,1
matthewhyland_ strong,1
rai bnb,1
rajeshwar rai,1
shoot fucking,1
parents allowed,1
believe help,1
time notigang,1
plan believe,1
know gods,1
never know,1
officialtravlad never,1
task bnb,1
officialtravlad finished,1
travladdians giveaways,1
travlegit travladdians,1
notigang travlegit,1
notice time,1
parents clue,1
officialtravlad notice,1
let officialtravlad,1
please let,1
officialtravlad life,1
thanks bnb,1
try 45,1
officialtravlad try,1
mrssaitama babycatcoin,1
shot smh,1
blockchain coin,1
avax bnbyour,1
legalization encrypted,1
yourscryptocurrency bitcoin,1
millionaires 2022libero,1
print millionaires,1
libero print,1
project libero,1
last dip,1
might last,1
temporary dip,1
bitcoinbutton eth,1
bnb cryptonews,1
sell yourscryptocurrency,1
swam10056 floods,1
wanna sell,1
message wanna,1
rates message,1
good rates,1
people good,1
buying bitcoin,1
think air,1
least think,1
knox case,1
usdt_mining landlord_token,1
web3_coin coinmarketcap,1
toothe famous,1
sell record,1
lfg contest,1
starter happyeaster,1
rules happy,1
bnb check,1
share bnb,1
project happy,1
awesome easter,1
sothebyamprsquos auction,1
record 30m,1
nfts could,1
matthew_hodson floods,1
nftsamplsquocryptopunkamprsquo nfts,1
teamfollowback followback,1
slippage crypto,1
bhbitulcylum cym,1
kylejon71385514 bhbitulcylum,1
star danyacryptoman,1
project go,1
u project,1
like u,1
one amanda,1
stories air,1
pancakesquad friends,1
project successyield360,1
min referral,1
rewards every,1
real rewards,1
way get,1
betfury boxes,1
monthly betfury,1
multiply crypto,1
bnb multiply,1
successyield360 y360,1
making project,1
one achievement,1
qualified focused,1
team qualified,1
yield360 certainly,1
binance 1000xgem,1
bnb bombs,1
ladyincrypto bnbbombs,1
sorare solana,1
babydoge sorare,1
nft coinbase,1
referral bonuses,1
tvl contractcongratulations,1
trip going,1
purchasedminimum 1,1
next trip,1
bnb next,1
try air,1
yes going,1
safer yes,1
stacetheking flotuk,1
theca_sol current,1
max 8,1
bnb max,1
projectquint 01,1
baked beanersjoin,1
binancesmartchain doge,1
passiveincome defi,1
bakedbeansminer cryptos,1
tvl bakedbeansminer,1
tvl 32k,1
million tvl,1
system10 million,1
refferal system10,1
beanersjoin 8,1
win cryptocurrency,1
see 9,1
nft btc,1
binance floki,1
luck wish,1
kaizen good,1
magnificient kaizen,1
victory day,1
kaizen_finance day,1
shib token,1
baby floki,1
lost 23,1
babyflokishib lost,1
us cryptocurrency,1
best gem,1
join us,1
research join,1
price research,1
market price,1
milestone crypto,1
nft easter,1
nftartists nft,1
nftcollector nftartists,1
nftgate nftcollector,1
wish best,1
launhcpad 100x,1
nftcommunity nfts,1
nft nfts,1
recognizes legalization,1
russia recognizes,1
profitable good,1
looks flexible,1
short time,1
market short,1
big market,1
project creates,1
nfts nftgiveaways,1
winner giveaway,1
kaizenfinance kzen,1
last 24,1
tweet price,1
last tweet,1
right compared,1
price 4142,1
phemex_official amazing,1
trustfi btc,1
tfi trustfi,1
kzen tfi,1
nfts nftgate,1
nftart defi,1
bnb floor,1
polygon bnb,1
traders paradise,1
trading fees,1
minimal trading,1
taxes minimal,1
neithernursecatm2e atzero,1
themooncarl neithernursecatm2e,1
the_lutik use,1
onwmlbnb bsc,1
bnb kcc,1
nftsmartchain ethereum,1
moon time,1
sadun nftsmartchain,1
ravindha4 sadun,1
join ravindha4,1
project join,1
nest_protocol good,1
nft cake,1
moon nft,1
pancakeswap heading,1
project cecymeade,1
paradise moon,1
time baby,1
luna asia,1
bnb bscgemsx100,1
xlm luna,1
safemars eth,1
safemoon safemars,1
vet cake,1
xrp ada,1
we_nft btc,1
wenlambodefi we_nft,1
wkds crew,1
little wkds,1
move bnb,1
piotr84380225 use,1
p2e foodverse,1
quangair gamefi,1
quanairdrop1 quangair,1
tungair1 quanairdrop1,1
project tungair1,1
knw u,1
nurasabitu 1,1
place excellent,1
really amazing,1
bnb ethereum,1
nftcommunity giveaway,1
kucoincom staking,1
isee 5,1
togethergo 1,1
jump togethergo,1
polygonlets jump,1
ss eth,1
season 1,1
bear 195,1
pricegummy bear,1
bnb dip,1
timing bnb,1
binance isee,1
polygon nftshill,1
transfers feesbnb,1
wallet every,1
stakingrewards wallet,1
year 12,1
staking 48,1
automatic staking,1
powered everrise,1
bismeendr floods,1
baby doge,1
nftthailand bnb,1
nftshill nft,1
oui oui,1
azhiyen3 hmjayed5,1
bnb 2022,1
spideyskitty floods,1
world donaswap,1
the_seyi_o floods,1
slothtradingbtc 4038086ava,1
buys coming,1
beautiful buys,1
stake 0xaa33bf5d53a7b918dcbb2cff017f61139b2449a2,1
bnb address,1
metasoccercity azhiyen3,1
opensea nftdrops,1
martinleopard9 amazing,1
memecontest memes,1
binance cheemsinu,1
meme contestbnb,1
nft community,1
nft nft,1
please bnb,1
pick please,1
nftdrops nftshilling,1
oui need,1
bannybruno amazing,1
stop trainnursecatm2e,1
us coinsniper,1
reddit elonmuskmarvin_inu,1
personal entertainer,1
marketing personal,1
marvin marketing,1
solidproof_io coinsultaudits,1
yieldzard solidproof_io,1
salmawysalma floods,1
nft crypto,1
token bsc,1
vote us,1
bnb doge,1
kindly vote,1
jakegagain everrise,1
latest ama,1
mana others,1
rdd coti,1
sol rdd,1
bnb accumulating,1
vet bnb,1
staking busd,1
marvinbtc bnb,1
shib marvininu,1
wallet addresstx,1
transaction successful,1
win airdrop2,1
tweet win,1
tweet amp,1
pinned tweet,1
retweet pinned,1
people1 retweet,1
bnb 100000,1
minted 00505,1
successful 50500000,1
nft defi,1
marvininu metaverse,1
web3 metaverse,1
needs deficoin3,1
bnb done,1
sir give,1
please sir,1
blackbearfi amazing,1
marvininu marvin,1
saitama marvininu,1
metaverse saitama,1
nothing stop,1
trainnursecatm2e bnb,1
nftgiveaways nftcommunity,1
weekly burn,1
team excellent,1
promising project,1
yield360 promising,1
shib_nobi wait,1
binance good,1
web3_coin cz_binance,1
libero liberofinancial,1
train highest,1
miss train,1
libero weekly,1
modern timesyield360,1
pumping libero,1
smell pumping,1
baby burn,1
us exampleyield360,1
using could,1
new case,1
use new,1
someone could,1
specific someone,1
relevant modern,1
timesyield360 y360,1
please please,1
visit website,1
nftgiveaway nftgiveaways,1
me2tag 2,1
wallet address1follow,1
pancakeswap crypto,1
metaverse pancakeswap,1
binance airdrop,1
limited edition,1
token hurry,1
website claim,1
meta dragon,1
lpc38671634 binance,1
token coinbase,1
usdt token,1
nft gamefi,1
bep20 defi,1
trx ftm,1
ondodbtc eth,1
mexc_global gate_io,1
jay_okx mexc_global,1
shibtoken jay_okx,1
please specific,1
yield360 interesting,1
bnb gem,1
summer2022 tourism,1
visit get,1
wallet visit,1
know even,1
web3_coin good,1
bnb egg,1
binance 3,1
prices 0720,1
shorttermrentals bnbnews,1
tourism airdna,1
travel summer2022,1
wallet like,1
rentals airdna,1
shortterm rentals,1
year greek,1
record year,1
toward record,1
trending toward,1
binance cryptogem,1
binance binance,1
looking forbnbchain,1
save decentralized,1
like nabox,1
steps step,1
sang rimba,1
bnb 9k,1
paid 5,1
pentas kucingpunk,1
transaction pentas,1
marketplace transaction,1
usd 0x3c20080c3908c,1
bnb 4146,1
price 01,1
rimba 49,1
name sang,1
nabox worriedless,1
offer name,1
sold offer,1
nft sold,1
wallet bug,1
mais need,1
rien mais,1
jcomprends rien,1
bnb easter,1
worriedless crypto,1
spherefork spherefinance,1
