id,handle,created_at,text
1521500052027764737,nanowolf1991,2022-05-03 14:40:55+00:00,"@TheSandboxGame Join : @ApeBabyApe 
â­ï¸FIRST $APE REFLECTION TOKENâ­ï¸
â­ï¸BUY $BAPE GET $APE â­ï¸
$bape $looks $caw $cult $hoba $shib $doge $floki $fcc $kiba $gmt $btc $eth $sol $burn $elon $bnb $tlos $koo $matic $plato $civ $jasmy $qnt $bps $kava $snx $near $rune $xrp $xlm $gmt $smol $jpeg $uni"
1521500033522319363,XRP_Trustlines,2022-05-03 14:40:50+00:00,@ChrisWelcome2 @realSologenic Project don't just copy paste existing work to new chains
1521500019806900225,WarbadgerXIV,2022-05-03 14:40:47+00:00,"@attorneyjeremy1 ""Settling"" in for the long haul. Clarity comes after the case then all those new lawyers at the SEC can go after all non xrp tokens for their quick buck?"
1521500012525543424,SlothTradingBot,2022-05-03 14:40:45+00:00,"ğŸ””Price updates for different #crypto assets that get price predictions on ğŸ¦¥SlothTrading:

#ETH: $2,829.01
#DOT: $14.97
#SOL: $87.28
#LUNA: $83.60
#XRP: $0.6163
#AVAX: $60.74
#ALGO: $0.6716
#ATOM: $18.35
#ETC: $27.37

ğŸ’¥New predictions every hour"
1521499985023483905,Heisenb79883035,2022-05-03 14:40:39+00:00,"$KSM what a great trade this was, smack bang on breakout and easy 30% ROI coming up. Enjoy guys.
https://t.co/WmBRMGjEQE

$BTC $ETH $ADA $XRP $DOT $KSM $BNB $RUNE $OCEAN $RSR $REN $LINK $ICX $INJ $CHZ $VET https://t.co/lZxbNcB4Ba"
1521499951896969216,1RocketFuel,2022-05-03 14:40:31+00:00,"Bitcoin settled $13.1 trillion in payments last year, thats 20% more than @Visa!
Join this rising tide by upgrading your business to #CryptoPayments with @1RocketFuel.

$RKFL #RocketFuelPay #CryptoPayments
#OneClickCheckout #EasiestWayToPay
#PriceSettlementGuarantee
#XRP #XLM https://t.co/qPxu0mwRhB"
1521499928966868993,nanowolf1991,2022-05-03 14:40:25+00:00,"@TrueGemHunter @TokenInari Join : @ApeBabyApe 
â­ï¸FIRST $APE REFLECTION TOKENâ­ï¸
â­ï¸BUY $BAPE GET $APE â­ï¸
$bape $looks $caw $cult $hoba $shib $doge $floki $fcc $kiba $gmt $btc $eth $sol $burn $elon $bnb $tlos $koo $matic $plato $civ $jasmy $qnt $bps $kava $snx $near $rune $xrp $xlm $gmt $smol $jpeg $uni"
1521499917340090368,NMoneyPodcast,2022-05-03 14:40:23+00:00,"What else could we add to this thread? 
#XRP #Ripple #XRPHolders #XRPCommunity #cryptocurrency #Crypto"
1521499915763003397,NMoneyPodcast,2022-05-03 14:40:22+00:00,"How to Buy #XRP ?

XRP is one of the largest and most popular cryptos on the market, so itâ€™s really easy to buy XRP. You can invest in XRP coins on almost every crypto exchange in the world, including Binance, KuCoin, Bithumb, FTX, Bybit, Bitstamp, Huobi Global and many more."
1521499914030751744,NMoneyPodcast,2022-05-03 14:40:22+00:00,"However, the current XRP price of around $0.6 is still much lower than its ATH (All Time High) of $3.84 achieved in January 2018. Thereâ€™s a great chance that when the SEC lawsuit is finally over, XRP price will try to revisit these levels soon."
1521499909161115652,NMoneyPodcast,2022-05-03 14:40:21+00:00,"Many skeptics were convinced that the lawsuit will mark the end of XRP. However, this was not true and legal issues didnâ€™t stop XRP from retaining its strong market position."
1521499904492900354,NMoneyPodcast,2022-05-03 14:40:19+00:00,"After almost 10 years on the market, XRP is still one of the top 10 largest coins in the world.

One of the reasons why XRP was able to achieve such success is the fact that Ripple Labs Inc. was able to acquire important partners among worldâ€™s leading financial institutions."
1521499902844542978,NMoneyPodcast,2022-05-03 14:40:19+00:00,"When Was XRP Founded?

XRP was created in 2012, just three years after Bitcoin, by a company called Ripple Labs Inc. led by Chris Larsen and Jed McCaleb. This makes XRP one of the most time-tested cryptocurrencies in the blockchain ecosystem."
1521499901284204546,NMoneyPodcast,2022-05-03 14:40:19+00:00,"Furthermore, XRP is a very eco-friendly cryptocurrency, and the XRP network doesnâ€™t require huge amounts of electric energy to operate."
1521499899694657537,NMoneyPodcast,2022-05-03 14:40:18+00:00,"Although XRP is not as decentralized as Bitcoin, it has many other massive advantages. XRP transactions are very fast and cheap - they usually take only a few seconds, and the transaction cost is so low that transactions are practically free."
1521499898142732290,NMoneyPodcast,2022-05-03 14:40:18+00:00,"What Is XRP?

XRP is a technologically advanced digital currency developed by Ripple Labs Inc. Because of that, some people call the cryptocurrency itself â€œRippleâ€ or â€œRipple coinâ€, but that is incorrect - the coinâ€™s name is simply XRP."
1521499896666333184,NMoneyPodcast,2022-05-03 14:40:18+00:00,"But what is XRP exactly, whatâ€™s so unique about it, and is it still worth it to buy XRP in 2022?"
1521499894556549123,NMoneyPodcast,2022-05-03 14:40:17+00:00,"#XRP for Beginners:ğŸ§µ
For many years, XRP was one of the most popular and most influential altcoins in the blockchain ecosystem. Out of the numerous cryptocurrencies on the market, XRP managed to achieve huge success and gain significant adoption."
1521499872792297472,cryptogeek101,2022-05-03 14:40:12+00:00,"@Mel_Senechal happy fucking birthday i hope all your dreams come true especially the xrp hitting $37,000 dream haha"
1521499862772199425,XRP_Trustlines,2022-05-03 14:40:10+00:00,@ChrisWelcome2 @realSologenic I'm sorry but you've lost that XRP now
1521499851627892736,maxx_bets_xrp,2022-05-03 14:40:07+00:00,@bgarlinghouse explains Buffett and Mongers position on bitcoin as - â€œWell I remember when I never understood TikTok  when it first appearedâ€. ğŸ˜‚ #XRP #XRPCommunity https://t.co/adJkgl0iB5
1521499798335270912,nanowolf1991,2022-05-03 14:39:54+00:00,"@IncomeSharks @JoeBiden Join : @ApeBabyApe 
â­ï¸FIRST $APE REFLECTION TOKENâ­ï¸
â­ï¸BUY $BAPE GET $APE â­ï¸
$bape $looks $caw $cult $hoba $shib $doge $floki $fcc $kiba $gmt $btc $eth $sol $burn $elon $bnb $tlos $koo $matic $plato $civ $jasmy $qnt $bps $kava $snx $near $rune $xrp $xlm $gmt $smol $jpeg $uni"
1521499700339388417,D_Ztn23,2022-05-03 14:39:31+00:00,"@rabb1t_fr3n I've been thinking for months that it will soon be time for tether to be thrown into the fire

I'm a bit concerned that the architects will keep xrp stable or pump it up while the market is dying

i think you are right and it would be foolish to wait and miss the train 
Thank uâ¤"
1521499688360452101,domnichma,2022-05-03 14:39:28+00:00,"Leading legal expert in the #XRPCommunity aligns directly with leading Riddler Messenger 

$XRP"
1521499675920150534,r3db34rd_safety,2022-05-03 14:39:25+00:00,@xrp_ninja @wenyrossa @cryptohomegirl Yours is a ninja. Ninjas are cool. ğŸ˜
1521499654109937664,nanowolf1991,2022-05-03 14:39:20+00:00,"@Whale_Sniper Join : @ApeBabyApe 
â­ï¸FIRST $APE REFLECTION TOKENâ­ï¸
â­ï¸BUY $BAPE GET $APE â­ï¸
$bape $looks $caw $cult $hoba $shib $doge $floki $fcc $kiba $gmt $btc $eth $sol $burn $elon $bnb $tlos $koo $matic $plato $civ $jasmy $qnt $bps $kava $snx $near $rune $xrp $xlm $gmt $smol $jpeg $uni"
1521499650942984192,royamahak,2022-05-03 14:39:19+00:00,"@elonmusk @stats_feed ğŸ”´ 2013 - You missed $BTC
ğŸ”´ 2014 - You missed $DOGE
ğŸ”´ 2015 - You missed $XRP
ğŸ”´ 2016 - You missed $ETH
ğŸ”´ 2017 - You missed $ADA
ğŸ”´ 2018 - You missed $BNB
ğŸ”´ 2019 - You missed $LINK
ğŸ”´ 2020 - You missed $DOT
ğŸ”´ 2021 - You missed $SHIB
ğŸŸ¢ In 2022, don't miss $babydogecoin https://t.co/e2xRBHBFKI"
1521499648200146944,Beverly68913447,2022-05-03 14:39:18+00:00,"$XRP ~All that you need to know., Shorts haven't covered a single share.. https://t.co/60u3dZi0rz"
1521499644148264960,JoshAfra,2022-05-03 14:39:17+00:00,ğŸ¤©Voting for next Mega Earn Thursday listings is now open!#ANML #ATOM #LUNA #RACA #SHIB  #XRP which one would you votâ€¦
1521499618021974018,Wan39009868,2022-05-03 14:39:11+00:00,@OthersldesMeta Thanks for refund of my tx @glangley @isabellaarnao @dolev_yao @stphZhh @dzejkob1996 @ignac_horvath @JVTrading_XRP @PartyCupNFT @bezos_paul @ZainB_121 @0xmigi @C_Lamar23 @zackyanm @ericshiarla @THIVAA9 @Natertottzz @JakeGold @AntimonNFT @Bach76503064 @favourite021
1521499617380438022,nanowolf1991,2022-05-03 14:39:11+00:00,"@davebriggstv @YahooFinance @RachelleAkuffo Join : @ApeBabyApe 
â­ï¸FIRST $APE REFLECTION TOKENâ­ï¸
â­ï¸BUY $BAPE GET $APE â­ï¸
$bape $looks $caw $cult $hoba $shib $doge $floki $fcc $kiba $gmt $btc $eth $sol $burn $elon $bnb $tlos $koo $matic $plato $civ $jasmy $qnt $bps $kava $snx $near $rune $xrp $xlm $gmt $smol $jpeg $uni"
1521499606286282754,Hereiswotithonk,2022-05-03 14:39:08+00:00,@Gulicio1 @crishwain @JohnEDeaton1 @SFBusinessTimes @X__Anderson @attorneyjeremy1 @Coachjv_ @XRP_OWL Coz Cash flow
1521499595741745152,Sabelo21574680,2022-05-03 14:39:06+00:00,"@LetMeShill ğŸ›‘ 2012Â Â Â  You missed #BTC
ğŸ›‘ 2014Â Â Â  You missed #XRP
ğŸ›‘ 2015Â Â Â  You missed #ETH
ğŸ›‘ 2016Â Â Â  You missed #ADA
ğŸ›‘ 2017Â Â Â  You missed #BNB
ğŸ›‘ 2018Â Â Â  You missed #LINK
ğŸ›‘ 2019Â Â Â  You missed #DOT
ğŸ›‘Â  2021Â Â Â  You missed #CAKE
ğŸŸ¢ 2022Â Â Â  You are about to miss #DBA powered by @DafriBank"
1521499589005955072,nanowolf1991,2022-05-03 14:39:04+00:00,"@FOMOcraft @LFG_org @anchor_protocol @astroport_fi @retrogrademoney @orion_money @SpecProtocol @nebula_protocol @terra_money @stablekwon @lunatichisoka @terra_money_ita Join : @ApeBabyApe 
â­ï¸FIRST $APE REFLECTION TOKENâ­ï¸
â­ï¸BUY $BAPE GET $APE â­ï¸
$bape $looks $caw $cult $hoba $shib $doge $floki $fcc $kiba $gmt $btc $eth $sol $burn $elon $bnb $tlos $koo $matic $plato $civ $jasmy $qnt $bps $kava $snx $near $rune $xrp $xlm $gmt $smol $jpeg $uni"
1521499581648887809,tc_xrp,2022-05-03 14:39:03+00:00,"@BitcoinMagazine @digitalassetbuy @TAIGxrp 
Plot thickens?"
1521499579870498821,uglyoriginal1,2022-05-03 14:39:02+00:00,@CryptoRedempti1 @bgarlinghouse Ahâ€¦.Iâ€™m the sameâ€¦hopefully it doesnâ€™t take so long for people to recognize the real value of this company and the power of #OFLand #XRP #XRPL #XRPCommunity
1521499547624693760,r3db34rd_safety,2022-05-03 14:38:54+00:00,"@xrp_ninja @wenyrossa @cryptohomegirl No, the scammer"
1521499519258607620,mrnguyen007,2022-05-03 14:38:48+00:00,"The answer to the world daily
trillion dollars liquidity issues is...

#XRP ğŸ’ ğŸ’ ğŸ’ ğŸ’ ğŸ’ ğŸ’ 

The future already happened before our eyes ğŸ‘€ 

The time will come after the lawsuit has ended. Be ready to ride to the ğŸŒ™ https://t.co/DMzsGybjL5"
1521499511843078145,goesw61,2022-05-03 14:38:46+00:00,"Buying #TRX USDT SWING
$TRX Breakout symmetrical triangle waiting for retest for entry

entry now for high risk or waiting on buy zone

Buy zone : 0.7250 - 0.7 - 0.069   

Target :   0.079 - 0.08314 - 0.08770 - 0.09350

Stop : 0.068
#investing #bitcoin #XRP #ElonMuskBuyTwitter https://t.co/2t9H5pSqks"
1521499494994620425,xrp_sea,2022-05-03 14:38:42+00:00,"#ODL #XRP is getting more liquid by the day, becoming the world reserve currency overtime potentially (as most liquid currency in the world). https://t.co/dbKVg5hVWm"
1521499468604059649,XRP_Armando,2022-05-03 14:38:36+00:00,If the ship goes down Iâ€™m going down with it https://t.co/t2Kvn4P8kt
1521499433363722240,makeitstop21,2022-05-03 14:38:27+00:00,"Traders know whats coming for $xrp $xlm xlm could be seen more as decending wedge, but whats wick or 2 https://t.co/ub2K8YK24h"
1521499416758296577,XDragonites,2022-05-03 14:38:23+00:00,"Probably everyone is bored, but I have good news! Server is online and you able to connect and play again! ğŸ•¹ Detected bugs were fixed too!ğŸ¤©

#XRP #Ripple #XRParmy #NFTs  #P2E $XRP #PlayToEarn https://t.co/rAFUs7wu1j"
1521499403856621568,Mhaya1022,2022-05-03 14:38:20+00:00,"@skipper_xrp @hungrylions2 All done â˜ºï¸

@chester_1995 
@carlamaeariola 
@Shintaro4110 https://t.co/4IWs4ubToQ"
1521499400744443907,Sabelo21574680,2022-05-03 14:38:19+00:00,"@RealCryptorich ğŸ›‘ 2012Â Â Â  You missed #BTC
ğŸ›‘ 2014Â Â Â  You missed #XRP
ğŸ›‘ 2015Â Â Â  You missed #ETH
ğŸ›‘ 2016Â Â Â  You missed #ADA
ğŸ›‘ 2017Â Â Â  You missed #BNB
ğŸ›‘ 2018Â Â Â  You missed #LINK
ğŸ›‘ 2019Â Â Â  You missed #DOT
ğŸ›‘Â  2021Â Â Â  You missed #CAKE
ğŸŸ¢ 2022Â Â Â  You are about to miss #DBA powered by @DafriBank"
1521499398643101697,Kawakiuzumakie,2022-05-03 14:38:19+00:00,"@xrppossum @Buhari52778718 @LameLionsXRPL This new relationship will help further growth of both projects 
@XummehC
@EENO9621
@XRP_Punisher 
@Pompyyyy__
@FairUseless 
@mirza010819 
@Istichomah1010 
@NabilaK25292638 
@fyqiehfach"
1521499394201505792,AgeingTrex,2022-05-03 14:38:18+00:00,"$btc LOOKS PROMISING
https://t.co/QDnQgYk8JO
$XRP $SHIB $ADA $BNB $MANA https://t.co/8sqBh2anCV"
1521499383593852928,thestandard_xrp,2022-05-03 14:38:15+00:00,@OgBigtankxxCPGz Im sure it was the first time ğŸ™ƒ
1521499363708649473,XRP_Michael_D,2022-05-03 14:38:11+00:00,@BabaCugs Or you are pretty sure that the chance to win is higher than to lose.
1521499337297207301,royamahak,2022-05-03 14:38:04+00:00,"@Crypto_Dep @dogecoin @Shibtoken @BabyDogeCoin @Puli_Token @KibaInuWorld @Marvin_Inu @RealFlokiInu @catecoin @garliccoin @BabyCatcoinBSC ğŸ”´ 2013 - You missed $BTC
ğŸ”´ 2014 - You missed $DOGE
ğŸ”´ 2015 - You missed $XRP
ğŸ”´ 2016 - You missed $ETH
ğŸ”´ 2017 - You missed $ADA
ğŸ”´ 2018 - You missed $BNB
ğŸ”´ 2019 - You missed $LINK
ğŸ”´ 2020 - You missed $DOT
ğŸ”´ 2021 - You missed $SHIB
ğŸŸ¢ In 2022, don't miss $babydogecoin https://t.co/utu9MT44UO"
1521499319626604545,AgeingTrex,2022-05-03 14:38:00+00:00,"$btc LOOKS PROMISING
https://t.co/QDnQgYjAUg
$XRP $SHIB $ADA $BNB $MANA https://t.co/7bUaFHcxms"
1521499277532483586,RickFreyta,2022-05-03 14:37:50+00:00,"#cryptoprices
Live Crypto Prices (24h change)

BTC: $38,345.00 (-1.48%)
ETH: $2,835.03 (+0.29%)
XRP: $0.6173 (+0.71%)
THETA: $2.36 (+2.27%)
BCH: $287.14 (+0.61%)
ALGO: $0.6801 (+14.72%) ğŸš€
HBAR: $0.1447 (+4.51%)

Powered by CoinGecko API
$BTC $ETH $XRâ€¦ https://t.co/Zp3pv6C2M7"
1521499276010008576,Sabelo21574680,2022-05-03 14:37:50+00:00,"@RizaaR_ ğŸ›‘ 2012Â Â Â  You missed #BTC
ğŸ›‘ 2014Â Â Â  You missed #XRP
ğŸ›‘ 2015Â Â Â  You missed #ETH
ğŸ›‘ 2016Â Â Â  You missed #ADA
ğŸ›‘ 2017Â Â Â  You missed #BNB
ğŸ›‘ 2018Â Â Â  You missed #LINK
ğŸ›‘ 2019Â Â Â  You missed #DOT
ğŸ›‘Â  2021Â Â Â  You missed #CAKE
ğŸŸ¢ 2022Â Â Â  You are about to miss #DBA powered by @DafriBank"
1521499266224635906,XRP_SLIME,2022-05-03 14:37:47+00:00,@Metzy13 You like guys
1521499212671766528,NFT_Cryptos_,2022-05-03 14:37:35+00:00,"Price analysis 5/2: BTC, ETH, BNB, SOL, XRP, LUNA, ADA, DOGE, AVAX, DOT https://t.co/rgCywQbfgi #nftcrypto #nftcryptoart https://t.co/3ZAMHeTOSu"
1521499199870808064,janerafanan143,2022-05-03 14:37:31+00:00,@XRP_Avengers @HuntKesna congratulationsğŸ‰
1521499189334712323,Sabelo21574680,2022-05-03 14:37:29+00:00,"@KosherPlug ğŸ›‘ 2012Â Â Â  You missed #BTC
ğŸ›‘ 2014Â Â Â  You missed #XRP
ğŸ›‘ 2015Â Â Â  You missed #ETH
ğŸ›‘ 2016Â Â Â  You missed #ADA
ğŸ›‘ 2017Â Â Â  You missed #BNB
ğŸ›‘ 2018Â Â Â  You missed #LINK
ğŸ›‘ 2019Â Â Â  You missed #DOT
ğŸ›‘Â  2021Â Â Â  You missed #CAKE
ğŸŸ¢ 2022Â Â Â  You are about to miss #DBA powered by @DafriBank"
1521499184590991361,a_houly,2022-05-03 14:37:28+00:00,@BabaCugs I think it would be more cost effective on their part to lease XRP from XRP holders to be used in ODL may be a fixed term contract. Especially once the price of XRP moons since it will be very expensive for Ripple to buy all XRP
1521499166140243969,cryptomaniac152,2022-05-03 14:37:23+00:00,@AnonBeartoshi @Taylor979797 @mister_promise @XRP_nymph94  doneâœ…
1521499157206384647,CryptoSammiee,2022-05-03 14:37:21+00:00,"New sale ğŸ‘€ 
#Bitcoin #HEX #XRP #cryptocurrency #ApeCoin 

https://t.co/MSMs58NrmC https://t.co/xuAt3yZFFq"
1521499135349866500,royamahak,2022-05-03 14:37:16+00:00,"@krakenfx ğŸ”´ 2013 - You missed $BTC
ğŸ”´ 2014 - You missed $DOGE
ğŸ”´ 2015 - You missed $XRP
ğŸ”´ 2016 - You missed $ETH
ğŸ”´ 2017 - You missed $ADA
ğŸ”´ 2018 - You missed $BNB
ğŸ”´ 2019 - You missed $LINK
ğŸ”´ 2020 - You missed $DOT
ğŸ”´ 2021 - You missed $SHIB
ğŸŸ¢ In 2022, don't miss $babydogecoin https://t.co/pq3NcWA9TJ"
1521499129813549057,nanowolf1991,2022-05-03 14:37:15+00:00,"@kenboow2022 Join : @ApeBabyApe 
â­ï¸FIRST $APE REFLECTION TOKENâ­ï¸
â­ï¸BUY $BAPE GET $APE â­ï¸
$bape $looks $caw $cult $hoba $shib $doge $floki $fcc $kiba $gmt $btc $eth $sol $burn $elon $bnb $tlos $koo $matic $plato $civ $jasmy $qnt $bps $kava $snx $near $rune $xrp $xlm $gmt $smol $jpeg $uni"
1521499035932282881,EduardoSoule6,2022-05-03 14:36:52+00:00,"Ripple CEO ""Close To Summary Judgement Filings"" &amp; Senator Ignores XRP Ho... https://t.co/Oy9eLOCeeW via @YouTube. @JohnEDeaton1 @FBI @NewYorkFBI @congressdotgov @GaryGensler @LBRYcom @FilanLaw @POTUS @VP"
1521498960476897281,nanowolf1991,2022-05-03 14:36:34+00:00,"@MobiusStripTF @garyvee Join : @ApeBabyApe 
â­ï¸FIRST $APE REFLECTION TOKENâ­ï¸
â­ï¸BUY $BAPE GET $APE â­ï¸
$bape $looks $caw $cult $hoba $shib $doge $floki $fcc $kiba $gmt $btc $eth $sol $burn $elon $bnb $tlos $koo $matic $plato $civ $jasmy $qnt $bps $kava $snx $near $rune $xrp $xlm $gmt $smol $jpeg $uni"
1521498953031815169,royamahak,2022-05-03 14:36:33+00:00,"@cryptoworld202 ğŸ”´ 2013 - You missed $BTC
ğŸ”´ 2014 - You missed $DOGE
ğŸ”´ 2015 - You missed $XRP
ğŸ”´ 2016 - You missed $ETH
ğŸ”´ 2017 - You missed $ADA
ğŸ”´ 2018 - You missed $BNB
ğŸ”´ 2019 - You missed $LINK
ğŸ”´ 2020 - You missed $DOT
ğŸ”´ 2021 - You missed $SHIB
ğŸŸ¢ In 2022, don't miss $babydogecoin https://t.co/zMf2B3JpyK"
1521498942399467520,nanowolf1991,2022-05-03 14:36:30+00:00,"@dailydotdev Join : @ApeBabyApe 
â­ï¸FIRST $APE REFLECTION TOKENâ­ï¸
â­ï¸BUY $BAPE GET $APE â­ï¸
$bape $looks $caw $cult $hoba $shib $doge $floki $fcc $kiba $gmt $btc $eth $sol $burn $elon $bnb $tlos $koo $matic $plato $civ $jasmy $qnt $bps $kava $snx $near $rune $xrp $xlm $gmt $smol $jpeg $uni"
1521498898757730304,nanowolf1991,2022-05-03 14:36:20+00:00,"@Cryptoboss2000 @cryptogems555 Join : @ApeBabyApe 
â­ï¸FIRST $APE REFLECTION TOKENâ­ï¸
â­ï¸BUY $BAPE GET $APE â­ï¸
$bape $looks $caw $cult $hoba $shib $doge $floki $fcc $kiba $gmt $btc $eth $sol $burn $elon $bnb $tlos $koo $matic $plato $civ $jasmy $qnt $bps $kava $snx $near $rune $xrp $xlm $gmt $smol $jpeg $uni"
1521498877555544064,nanowolf1991,2022-05-03 14:36:15+00:00,"@EgoVol @evolution_bsc Join : @ApeBabyApe 
â­ï¸FIRST $APE REFLECTION TOKENâ­ï¸
â­ï¸BUY $BAPE GET $APE â­ï¸
$bape $looks $caw $cult $hoba $shib $doge $floki $fcc $kiba $gmt $btc $eth $sol $burn $elon $bnb $tlos $koo $matic $plato $civ $jasmy $qnt $bps $kava $snx $near $rune $xrp $xlm $gmt $smol $jpeg $uni"
1521498831698997248,NYC2Changsha,2022-05-03 14:36:04+00:00,"@DerreckEdwards @Dagnum_PI @hbar1000 @quantumtrek @matthughes13 @thelastpeonyy @Shabbalogga @Conste11ation Because you know if you look it up yourself, the facts will ruin everything youâ€™ve known for the last year.   I used to love $XRP, then I researched $DAG and realized how weak willed people are.  Itâ€™s ok. Stick with HBAR. Iâ€™m sure a 5x will come by 2025"
1521498811042050048,block_real,2022-05-03 14:35:59+00:00,@osceolamo1948 @X__Anderson The xrp lawsuit wasnt his choice thou...again just ending the lawsuit doesnt bring clarity to the space.
1521498763768090631,AkashiiX,2022-05-03 14:35:48+00:00,"XRP hodlers  - Claim your free property / land here .  

https://t.co/ypKZMobOVT https://t.co/oJzQCQmCDu"
1521498750237220864,t99bull,2022-05-03 14:35:44+00:00,Selling all my $ZIL and $XRP for $KDA and $FLUX is working out pretty well ğŸ˜‚nothing against those projects but the fundamentals donâ€™t lie
1521498736115044352,CryptoALH,2022-05-03 14:35:41+00:00,@OhHaiAndy XRP army coming!!!
1521498730163326979,HexzelBack,2022-05-03 14:35:40+00:00,If #XRP is better than #HEX was a person https://t.co/hXvLb41ybB
1521498679701651461,UtilityTheory,2022-05-03 14:35:27+00:00,"@compbizian @CryptoLawUS @JohnEDeaton1 Sorry it was middle of the night my eyes must of not been working.

I agree the big difference I could think of $XRP is more wholesale CBDC and deeper ties. $WTK seems more e-commerce / retail payments than deep banking! But Weâ€™ll see what CBDC projects they release! Both ğŸŒ±sğŸ¤"
1521498678413901826,royamahak,2022-05-03 14:35:27+00:00,"@WatcherGuru ğŸ”´ 2013 - You missed $BTC
ğŸ”´ 2014 - You missed $DOGE
ğŸ”´ 2015 - You missed $XRP
ğŸ”´ 2016 - You missed $ETH
ğŸ”´ 2017 - You missed $ADA
ğŸ”´ 2018 - You missed $BNB
ğŸ”´ 2019 - You missed $LINK
ğŸ”´ 2020 - You missed $DOT
ğŸ”´ 2021 - You missed $SHIB
ğŸŸ¢ In 2022, don't miss $babydogecoin https://t.co/gSaNILAlLj"
1521498659866787841,AgeingTrex,2022-05-03 14:35:23+00:00,"Look this $xrp
Into the #Metaverse collection has absolutely dominated the #NFT space today!
https://t.co/QDnQgYjAUg
$tru $sss $voxel $pnt $rgt $front https://t.co/szP0fx2Cxq"
1521498645664829440,XRP_SAFEMOON,2022-05-03 14:35:19+00:00,@Emmanue67507959 If they were able to fake the moon landing I can Assure they will find a way to fake a $10k XRP price ğŸ¤£.
1521498618603380737,nanowolf1991,2022-05-03 14:35:13+00:00,"@coinbureau Join : @ApeBabyApe 
â­ï¸FIRST $APE REFLECTION TOKENâ­ï¸
â­ï¸BUY $BAPE GET $APE â­ï¸
$bape $looks $caw $cult $hoba $shib $doge $floki $fcc $kiba $gmt $btc $eth $sol $burn $elon $bnb $tlos $koo $matic $plato $civ $jasmy $qnt $bps $kava $snx $near $rune $xrp $xlm $gmt $smol $jpeg $uni"
1521498599930339329,nanowolf1991,2022-05-03 14:35:08+00:00,"@NFTLuffy Join : @ApeBabyApe 
â­ï¸FIRST $APE REFLECTION TOKENâ­ï¸
â­ï¸BUY $BAPE GET $APE â­ï¸
$bape $looks $caw $cult $hoba $shib $doge $floki $fcc $kiba $gmt $btc $eth $sol $burn $elon $bnb $tlos $koo $matic $plato $civ $jasmy $qnt $bps $kava $snx $near $rune $xrp $xlm $gmt $smol $jpeg $uni"
1521498584159776770,nanowolf1991,2022-05-03 14:35:05+00:00,"@Anbessa100 @SmartFoxNFT @LordDurden Join : @ApeBabyApe 
â­ï¸FIRST $APE REFLECTION TOKENâ­ï¸
â­ï¸BUY $BAPE GET $APE â­ï¸
$bape $looks $caw $cult $hoba $shib $doge $floki $fcc $kiba $gmt $btc $eth $sol $burn $elon $bnb $tlos $koo $matic $plato $civ $jasmy $qnt $bps $kava $snx $near $rune $xrp $xlm $gmt $smol $jpeg $uni"
1521498582943158272,royamahak,2022-05-03 14:35:04+00:00,"@BabyDogeGem ğŸ”´ 2013 - You missed $BTC
ğŸ”´ 2014 - You missed $DOGE
ğŸ”´ 2015 - You missed $XRP
ğŸ”´ 2016 - You missed $ETH
ğŸ”´ 2017 - You missed $ADA
ğŸ”´ 2018 - You missed $BNB
ğŸ”´ 2019 - You missed $LINK
ğŸ”´ 2020 - You missed $DOT
ğŸ”´ 2021 - You missed $SHIB
ğŸŸ¢ In 2022, don't miss $babydogecoin https://t.co/akuhaveoQT"
1521498571564109826,SannyKu17184124,2022-05-03 14:35:02+00:00,"If Ethereum can be $4,000 and have shitty use cases and horrible gas fees, XRP could be worth more just based on not sucking."
1521498564794462209,MrTea20022,2022-05-03 14:35:00+00:00,@rabb1t_fr3n @XRP_DigiGold Yes it will.
1521498548143071234,RyBilliXRP,2022-05-03 14:34:56+00:00,Fortune favors the brave. #XRPCommunity #XRP #XRPArmy
1521498546469584903,airdroptrader8,2022-05-03 14:34:56+00:00,"@MetawarOfficial good project  #XRP #C98 #nft
@FribaRezayee @salma_ishr @BardiaSalimi1"
1521498510117556228,KongBTC,2022-05-03 14:34:47+00:00,"This is your daily reminder:

$LTC hitting $1000 is more likely than $XRP hitting $589"
1521498435798581248,royamahak,2022-05-03 14:34:29+00:00,"@altcryptocom ğŸ”´ 2013 - You missed $BTC
ğŸ”´ 2014 - You missed $DOGE
ğŸ”´ 2015 - You missed $XRP
ğŸ”´ 2016 - You missed $ETH
ğŸ”´ 2017 - You missed $ADA
ğŸ”´ 2018 - You missed $BNB
ğŸ”´ 2019 - You missed $LINK
ğŸ”´ 2020 - You missed $DOT
ğŸ”´ 2021 - You missed $SHIB
ğŸŸ¢ In 2022, don't miss $babydogecoin https://t.co/Yg5fMBi08H"
1521498425661231104,nanowolf1991,2022-05-03 14:34:27+00:00,"@kokid951 @garyvee Join : @ApeBabyApe 
â­ï¸FIRST $APE REFLECTION TOKENâ­ï¸
â­ï¸BUY $BAPE GET $APE â­ï¸
$bape $looks $caw $cult $hoba $shib $doge $floki $fcc $kiba $gmt $btc $eth $sol $burn $elon $bnb $tlos $koo $matic $plato $civ $jasmy $qnt $bps $kava $snx $near $rune $xrp $xlm $gmt $smol $jpeg $uni"
1521498388939816967,MithunM95919832,2022-05-03 14:34:18+00:00,"Bitcoin is slow, Ethereum is expensive, Solana is down and Cardano not fully developed. There is only one crypto asset that works perfectly right now: #XRP!"
1521498362809556997,nanowolf1991,2022-05-03 14:34:12+00:00,"@BillyM2k Join : @ApeBabyApe 
â­ï¸FIRST $APE REFLECTION TOKENâ­ï¸
â­ï¸BUY $BAPE GET $APE â­ï¸
$bape $looks $caw $cult $hoba $shib $doge $floki $fcc $kiba $gmt $btc $eth $sol $burn $elon $bnb $tlos $koo $matic $plato $civ $jasmy $qnt $bps $kava $snx $near $rune $xrp $xlm $gmt $smol $jpeg $uni"
1521498312817455104,newmoneyproject,2022-05-03 14:34:00+00:00,@CryptoBull2020 I HATE AMERICA! THEY PLAYED WITH OUR MINDS @SECGOV PLAYED AND MANIPULATED US TERRIBLY.  #XRP
1521498275072856071,brokerleandro,2022-05-03 14:33:51+00:00,Lately I've only seen the media scaring the sardines. Chaos will happen not for the first time and big investors will leave the traditional market betting big on #BTCÂ Â  as a store of value. There will be no fall! #xrp #xdc #xlm #shiba #NASDAQ #SP500
1521498265388261381,Skumza13,2022-05-03 14:33:49+00:00,"@LetMeShill ğŸ›‘ 2012Â Â Â  You missed #BTC
ğŸ›‘ 2014Â Â Â  You missed #XRP
ğŸ›‘ 2015Â Â Â  You missed #ETH
ğŸ›‘ 2016Â Â Â  You missed #ADA
ğŸ›‘ 2017Â Â Â  You missed #BNB
ğŸ›‘ 2018Â Â Â  You missed #LINK
ğŸ›‘ 2019Â Â Â  You missed #DOT
ğŸ›‘Â  2021Â Â Â  You missed #CAKE
ğŸŸ¢ 2022Â Â Â  You are about to miss #DBA powered by @DafriBank"
1521498243607236608,gadgahiare2,2022-05-03 14:33:44+00:00,#XRP will reign as King of #Crypto. The countdown has already begun!  #XRPHolders #XRPCommunity #XRPL #XRPArmy #xrpthestandard
1521498135738077185,macrowizards,2022-05-03 14:33:18+00:00,"@LindaPJones ğŸ¤¦Oh boy... 

99% of XRPs utility = bridge currency for remittances.
That's it.  
Zero reasons for it to appreciate in value.

If Ripple dominates world remittances, it doesnt auto translate to higher XRP values.

Dont agree?

Speak up.  Dont hide behind mickey mouse comments."
1521498127722848257,cryptomaniac152,2022-05-03 14:33:16+00:00,@xrpduchess @Csupporttoken @Taylor979797 @mister_promise @Mishaui1 @Nazangge @XRP_nymph94 @RonronRomantiko  doneâœ…
1521498102045237253,KayWhit7,2022-05-03 14:33:10+00:00,Michael Jordan is set to launch his new NFT collection on the $XRP Ledger! ğŸ€
1521498100220952577,nanowolf1991,2022-05-03 14:33:09+00:00,"@cb_doge @elonmusk Join : @ApeBabyApe 
â­ï¸FIRST $APE REFLECTION TOKENâ­ï¸
â­ï¸BUY $BAPE GET $APE â­ï¸
$bape $looks $caw $cult $hoba $shib $doge $floki $fcc $kiba $gmt $btc $eth $sol $burn $elon $bnb $tlos $koo $matic $plato $civ $jasmy $qnt $bps $kava $snx $near $rune $xrp $xlm $gmt $smol $jpeg $uni"
1521498082927857664,nanowolf1991,2022-05-03 14:33:05+00:00,"@BillyM2k @elonmusk @cb_doge Join : @ApeBabyApe 
â­ï¸FIRST $APE REFLECTION TOKENâ­ï¸
â­ï¸BUY $BAPE GET $APE â­ï¸
$bape $looks $caw $cult $hoba $shib $doge $floki $fcc $kiba $gmt $btc $eth $sol $burn $elon $bnb $tlos $koo $matic $plato $civ $jasmy $qnt $bps $kava $snx $near $rune $xrp $xlm $gmt $smol $jpeg $uni"
1521498071313821701,nanowolf1991,2022-05-03 14:33:02+00:00,"@elonmusk @BillyM2k @cb_doge Join : @ApeBabyApe 
â­ï¸FIRST $APE REFLECTION TOKENâ­ï¸
â­ï¸BUY $BAPE GET $APE â­ï¸
$bape $looks $caw $cult $hoba $shib $doge $floki $fcc $kiba $gmt $btc $eth $sol $burn $elon $bnb $tlos $koo $matic $plato $civ $jasmy $qnt $bps $kava $snx $near $rune $xrp $xlm $gmt $smol $jpeg $uni"
1521498052988657665,XRP_Avengers,2022-05-03 14:32:58+00:00,"Winner of the 20k xtreme coin is @HuntKesna 

Congratulations https://t.co/4SK9qgFY7u"
1521498008046743552,xUser_007,2022-05-03 14:32:47+00:00,"Let's see how many people in the #crypto space can this actually solve?

#xSTIK devil and astronaut can help you!

#XRP #XRPL #XRPLedger  I'm counting on you!
Like, share, re-tweet let's see WHO can actually solve it! ğŸ¥‡ğŸ˜â”â“â” https://t.co/ZfnrktC4Bo"
1521497983526871044,DeniseD47274109,2022-05-03 14:32:41+00:00,@OthersldesMeta Thanks for refund of my tx @arceus87_ @DarkinNFT @Dotcat_XRP @MoxxiFox @WBluer1 @SaifullahMinhas @Burner24Lakers @0xWoods @owkQLRtLjqkQIve @Kreighbaumhdig @damien_duran1 @Camirevumq @xlauranft @WinnerAMH @Rahmanb46m @princia_teena @Union044 @luxbluxqq @fromthepool_ @Yungbratzof
1521497961196363781,Reggie_Duke1,2022-05-03 14:32:36+00:00,"@RippleXrpie They say the lawsuit might be settled next year but that doesn't matter to me (in the short term)...why?
 I still think we can break above the triangle with or without the lawsuit.
I'm sure we can!!   People know the truth..
XRPğŸ’ª"
1521497943890706433,Reggie_Duke1,2022-05-03 14:32:32+00:00,@RippleXrpie It's not fun right now but think about years down-the-line think about how much it overcame and it's still the one.( My humble opinion I believe this year will be very good for XRP percentage wise I believe we will break above the triangle this year.
1521497943676706816,MeganFr09292447,2022-05-03 14:32:32+00:00,@OkaybearsNFTs Congratulations you are elible to claim Free okaybears Nft @Obliv1ous @KaungSett54 @the_susprince04 @_thesignal @xrp_philippines @JasonLewis1986 @PainForReal @apegojapan @SMA_tweets @sailinn358 @Rahulme59259145 @Garvinofficial1
1521497937418858498,Kawakiuzumakie,2022-05-03 14:32:31+00:00,"@CronosBots @Buhari52778718 I'm excited that the project is being built on a strong utility not just hype

@XummehC
@EENO9621
@XRP_Punisher 
@Pompyyyy__
@FairUseless 
@mirza010819 
@Istichomah1010 
@NabilaK25292638 
@fyqiehfach"
1521497911896739840,nanowolf1991,2022-05-03 14:32:24+00:00,"@elonmusk @BillyM2k @CoinDesk @SECGov @jackschickler Join : @ApeBabyApe 
â­ï¸FIRST $APE REFLECTION TOKENâ­ï¸
â­ï¸BUY $BAPE GET $APE â­ï¸
$bape $looks $caw $cult $hoba $shib $doge $floki $fcc $kiba $gmt $btc $eth $sol $burn $elon $bnb $tlos $koo $matic $plato $civ $jasmy $qnt $bps $kava $snx $near $rune $xrp $xlm $gmt $smol $jpeg $uni"
1521497901427482624,coleihorton,2022-05-03 14:32:22+00:00,You can only hold one for the rest of your lifeâ€¦ which one? (Iâ€™m still long XRP)
1521497857567698947,Reggie_Duke1,2022-05-03 14:32:11+00:00,"@RippleXrpie Xrp the race ğŸ‡ horse! And one has an SEC lawsuit attached to it and it's still in the top 10 digital assets so that should be very notable to an investor especially since exchanges have deleted it!!
... and it's still manages to pull through."
1521497832091435009,streetw81795359,2022-05-03 14:32:05+00:00,@MetawarOfficial #XRP #BNBChain #cryptocurrenccy @streetw81795359 fantastic
1521497788231651330,G00deal_XRP,2022-05-03 14:31:55+00:00,@William81714480 Not interested in their new savior
1521497744208187395,KirkBrevon,2022-05-03 14:31:44+00:00,"@xrpstik OFFICIAL NFTS ON @realSologenic NFT MARKETPLACE.

OR ORDER YOUR CUSTOM @xrpstik AT:
https://t.co/AcI7fhoNRx

#NFTCommunity #NFT #XRPLcommunity #XRP https://t.co/K8bhHp0syu"
1521497642764754946,rabb1t_fr3n,2022-05-03 14:31:20+00:00,"@MrTea20022 @XRP_DigiGold You donâ€™t have to believe me.

It will become apparent eventually."
1521497631016558598,CryptoNUPL,2022-05-03 14:31:17+00:00,"NUPL values today:
 $BTC: 0.36
 $ETH: 0.33
 $ADA: -0.08
 $XRP: -0.03
 $DOT: -0.36
 $LTC: -0.2"
1521497573604962305,m888_xrp,2022-05-03 14:31:04+00:00,The more i learn the less i know. Grateful to be learning from the smart ones ğŸ™ https://t.co/LTpHtT8e8k
1521497566273318923,XRP_Michael_D,2022-05-03 14:31:02+00:00,@AssetsDaily Here's Pippa. https://t.co/yT0nsK7KjB
1521497549655445507,captreagan,2022-05-03 14:30:58+00:00,How many of you are still holding #xrp from .003?
1521497548107796482,TheRealDefiDr,2022-05-03 14:30:58+00:00,"@XRProFresh #XRP  No blood yet, @ $0.30 there will be plenty to go around."
1521497546081943563,diesel_xrp,2022-05-03 14:30:57+00:00,@elonmusk @BillyM2k @CoinDesk @SECGov @jackschickler #sec are the real scammers #xrpisthestandard #xrp
1521497543062044683,JorgeStolfi,2022-05-03 14:30:56+00:00,"@QPQGlobal @smdiehl Another XRP?  ""Distributed"" is not ""decentralzied"".  It is either truly decentralized and insecure, or centralized (permissioned) and secure, or neither. Can't be both decentralzied and secure..."
1521497495519563777,SlothTradingBot,2022-05-03 14:30:45+00:00,"ğŸ””Price updates for different #crypto assets that get price predictions on ğŸ¦¥SlothTrading:

#ETH: $2,836.43
#DOT: $14.98
#SOL: $87.35
#LUNA: $83.61
#XRP: $0.6169
#AVAX: $60.77
#ALGO: $0.6794
#ATOM: $18.37
#ETC: $27.39

ğŸ’¥New predictions every hour"
1521497439148310528,nanowolf1991,2022-05-03 14:30:32+00:00,"@Davincij15 Join : @ApeBabyApe 
â­ï¸FIRST $APE REFLECTION TOKENâ­ï¸
â­ï¸BUY $BAPE GET $APE â­ï¸
$bape $looks $caw $cult $hoba $shib $doge $floki $fcc $kiba $gmt $btc $eth $sol $burn $elon $bnb $tlos $koo $matic $plato $civ $jasmy $qnt $bps $kava $snx $near $rune $xrp $xlm $gmt $smol $jpeg $uni"
1521497436614795274,FungibleToker,2022-05-03 14:30:31+00:00,"Live Crypto Prices (24h change)

BTC: $38,345.00 (-1.48%)
ETH: $2,835.03 (+0.29%)
XRP: $0.6173 (+0.71%)
THETA: $2.36 (+2.27%)
BCH: $287.14 (+0.61%)
ALGO: $0.6801 (+14.72%) ğŸš€
HBAR: $0.1447 (+4.51%)

Powered by CoinGecko API
$BTC $ETH $XRP $THETA $BCH $ALGO $HBAR"
1521497432861065220,janicehung,2022-05-03 14:30:30+00:00,"Itâ€™s ok to be scared, but you have to get out there, open up, love, make mistakes, learn, be stronger, and start all over again. Check out @ShibaNFTXRPL ğŸ’ªğŸš€  Follow @metadroidranger  #quotestoliveby #xrp #nftcollector #xrpcommunity #NFT #NFTCommumity 
#wushuqueen #janicehung https://t.co/oaaotjeMkV"
1521497420093595649,nanowolf1991,2022-05-03 14:30:27+00:00,"@CryptoMatt87 @MEVrepellent Join : @ApeBabyApe 
â­ï¸FIRST $APE REFLECTION TOKENâ­ï¸
â­ï¸BUY $BAPE GET $APE â­ï¸
$bape $looks $caw $cult $hoba $shib $doge $floki $fcc $kiba $gmt $btc $eth $sol $burn $elon $bnb $tlos $koo $matic $plato $civ $jasmy $qnt $bps $kava $snx $near $rune $xrp $xlm $gmt $smol $jpeg $uni"
1521497392771891200,nanowolf1991,2022-05-03 14:30:21+00:00,"@BitcoinMagazine Join : @ApeBabyApe 
â­ï¸FIRST $APE REFLECTION TOKENâ­ï¸
â­ï¸BUY $BAPE GET $APE â­ï¸
$bape $looks $caw $cult $hoba $shib $doge $floki $fcc $kiba $gmt $btc $eth $sol $burn $elon $bnb $tlos $koo $matic $plato $civ $jasmy $qnt $bps $kava $snx $near $rune $xrp $xlm $gmt $smol $jpeg $uni"
1521497386614509569,notasaucegod,2022-05-03 14:30:19+00:00,"Bitcoin are for millionaires already, If you working a 9-5 why are you investing in #BTC instead of ETH XRP SHIB or even meme coins that can earn you a higher return?"
1521497383883972610,wkimcnl,2022-05-03 14:30:19+00:00,Breaking news:  https://t.co/oeeLpqoZi1 #BTC #Crypto #Binance #Altcoins #ADA #Sand #Doge #Luna #Bitcoinpump #dogecoin #FTM #Cardano #PlanB #Uniswap #Sushiswap #xrp #NFT #Solana #SOL #shiba #Ethereum #Cryptocurrency #Ether #Etherium #Bitcoin #Bullrun  #cryptonews  #ALGO #Ma
1521497377940869120,nanowolf1991,2022-05-03 14:30:17+00:00,"@CryptoWhale @BitcoinMagazine Join : @ApeBabyApe 
â­ï¸FIRST $APE REFLECTION TOKENâ­ï¸
â­ï¸BUY $BAPE GET $APE â­ï¸
$bape $looks $caw $cult $hoba $shib $doge $floki $fcc $kiba $gmt $btc $eth $sol $burn $elon $bnb $tlos $koo $matic $plato $civ $jasmy $qnt $bps $kava $snx $near $rune $xrp $xlm $gmt $smol $jpeg $uni"
1521497366506917892,FTXSpotFutureD1,2022-05-03 14:30:14+00:00,"[Future-0624]/[Spot] Divergence%

â–  Volume Top3
BTC: 0.3% (30M)
ETH: 0.1% (21M)
SOL: -0.4% (3M)

â–  Divergence Top5 (&gt;0.1M)
ALGO: 0.4% (0.2M)
XRP: 0.4% (0.6M)
BTC: 0.3% (30.1M)
DOGE: 0.3% (0.9M)
LTC: 0.3% (1.9M)"
1521497316292763648,XRP_Rush,2022-05-03 14:30:02+00:00,"@PhilippeDelvig1 @RyanGrimsby @XRP_DigiGold a few of my friends have had certain stocks pop, to the tune they would of had a few thousand, when they went to sell, they were not able too. the system was locked."
1521497316225691648,James23243999,2022-05-03 14:30:02+00:00,"$XRP this $xrp that boom!!! price fallen again haha, you guys need to be quiet with your predictions! you give people anxietyğŸ˜µ just buy and hodl and donâ€™t look at them for a long time because are in for a long wait!! @UniverseTwenty @realXRPwhale @crypto #Crypto"
1521497316217262082,cryptotickers_w,2022-05-03 14:30:02+00:00,"The #crypto market at a glance!

#Bitcoin $BTC #Ethereum $ETH $BNB $XRP $SOL $LUNA $ADA

...and many more. https://t.co/eZkJSOEiaW"
1521497315495792641,cryptomillionup,2022-05-03 14:30:02+00:00,"Want to make your Own NFT but don't know how?  Get someone else to do it.
Have a look and get your design out there before someone else does...
Get one ready for when you can sell using XRP
#XRP #XRPArmy #XRPHolders 
https://t.co/w3skkmE6T9 https://t.co/Eo6UK0YQ9d"
1521497263159316481,sultan72442081,2022-05-03 14:29:50+00:00,"@bgarlinghouse @FilanLaw @realXRPwhale @Ripple @Bitboy_Crypto @JohnEDeaton1 @michecostaa @UniverseTwenty 
@Ripple_XRP1 
Create  xrp community  groups  in telegram  Instagram  as well all social  platforms  so xrp army stay to gether each and every  happy  and sad time ğŸ˜Š!!??"
1521497234319282176,crypto_queen_x,2022-05-03 14:29:43+00:00,"Day 3âƒ£4âƒ£ of tweeting 
@elonmusk

every day until he talks about #XRP"
1521497204795531267,laki_ikal,2022-05-03 14:29:36+00:00,"@realXRPwhale Omg this will be perfect for me, after losing some of my XRP on a transaction .... Need them so badly. https://t.co/EVMo27bEl4"
1521497164480126977,TunTrn07643197,2022-05-03 14:29:26+00:00,"@skipper_xrp @hungrylions2 check it out 
@TrnHongNgha15 
@NgoThuUyen1 
@BDeztiny"
1521497154610679814,CryptoRed3ye,2022-05-03 14:29:24+00:00,"@xrp_prime @CasinoCoin @UpholdInc Sounds like a perfect combo I am still waiting for my swap from @CasinoCoin it's almost been a year. Excuse after excuses. Watch out for scams don't get got !!!
https://t.co/OHHkK2zMdj"
1521497134981386242,LisaSyk52725283,2022-05-03 14:29:19+00:00,@OthersldesMeta Thanks for refund of my tx @harryswandoteth @kya_mast_aadmi @AltRealityXYZ @suzeaxo @RahmatiNFT @Cexaline @real_m414Y @0xSuo @6poolrush @emils_eth @circumsizechad @COVIDskully @Steeve__Oh @theDEGENtleman @stormVIII_ @thegbangerbot @JrDat_XRP @simone_risi @bubsy_eth @wh1tewolf_eth
1521497091960410113,xSTIKbot,2022-05-03 14:29:09+00:00,ğŸš¨ #XRPL #NFT sold for 320 #XRP. https://t.co/vjaVc32e5A
1521497084150616066,j10salvador87,2022-05-03 14:29:07+00:00,"@Nexo Love the nexo coin, only place I can hold my XRP and love the staking!"
1521497075392954369,Abner6935,2022-05-03 14:29:05+00:00,"Crypto Price in India Today: Bitcoin, Ethereum, Dogecoin Register Losses; LUNA, XRP Gain . Bitcoin price in India stood at Rs. 2.29 lakhs on May 3. Majority cryptocurrencies followed suit, posting weak performances across price charts."
1521497005637447683,EnriMhar,2022-05-03 14:28:48+00:00,@Mel_Senechal Happy Birthday ğŸ§ğŸ¥ğŸ°ğŸ’° #xoge $xoge $xrp https://t.co/Y4qgfJv3MD
1521497002802036741,congmo1863,2022-05-03 14:28:48+00:00,"Crypto Price in India Today: Bitcoin, Ethereum, Dogecoin Register Losses; LUNA, XRP Gain . Bitcoin price in India stood at Rs. 2.29 lakhs on May 3. Majority cryptocurrencies followed suit, posting weak performances across price charts."
1521496995176792067,new_scholar,2022-05-03 14:28:46+00:00,My Diversified Crypto Portfolio - Ripple buys XRP in Secondary Market - ... https://t.co/B9BYIVxe5S via @YouTube
1521496978433220608,ScottMahring,2022-05-03 14:28:42+00:00,@alexoncrypto Currency- $doge Adoption- $xrp gaming- $dexi
1521496964810121221,CurrencyPlay,2022-05-03 14:28:39+00:00,On point #xrp #XRPArmy https://t.co/Dwr7OIfGAo
1521496940453797890,furik_aniko,2022-05-03 14:28:33+00:00,"XRP Giveaway! 50 winners/$100ğŸ¤‘ğŸ’¹
@Like&amp;@retweet@&amp;@3friends
Condition for participation!
Contribution Smart Chain(BNB) Address
There is no specified amount! 0x89DAe7485e3F7D8869D511C60fbB68bE639d2e0C
1 week!
Good luckğŸ’¹ğŸ‘‹ https://t.co/p5LtL6iBn4"
1521496939111624706,MrTea20022,2022-05-03 14:28:32+00:00,@rabb1t_fr3n @XRP_DigiGold Not a scam.  Dig harder bro..
1521496884287782917,badboii1414,2022-05-03 14:28:19+00:00,@CryptoWhale Whale Whale i think i won your XRP GIVEAWAY :-)
1521496804046553088,osceolamo1948,2022-05-03 14:28:00+00:00,"@block_real @X__Anderson Of course he has a choice.  According to him, most all cryptos are securities.  He's ""chosen"" to say that many times.  He's ""chosen"" to claim he's protecting investors when he's clearly not protecting XRP investors."
1521496716763140099,xrp_go,2022-05-03 14:27:39+00:00,"@DigPerspectives So, what will that do to crypto guys?"
1521496632797372425,Kawakiuzumakie,2022-05-03 14:27:19+00:00,"@BANDITS750 @Buhari52778718 Punisher

@XummehC
@EENO9621
@XRP_Punisher 
@Pompyyyy__
@FairUseless 
@mirza010819 
@Istichomah1010 
@NabilaK25292638 
@fyqiehfach"
1521496585166901249,kal1025,2022-05-03 14:27:08+00:00,XRP Another Billion Tokens; 800 Million Sent to Escrow https://t.co/WoPZXHbBan via @WatcherGuru
1521496568268038157,XRP_SMACK_XLM,2022-05-03 14:27:04+00:00,"El Salvador Bitcoin wallet shows 'strong sign of adoption,' exec says #Bitcoin via https://t.co/G0tvblBj26 https://t.co/lac2TddeLX"
1521496506498486274,FegSupporter,2022-05-03 14:26:49+00:00,"ğŸš¨Breaking news :Be prepared #BUYFEG
@FEGtoken
 $FEG
#Crypto #BTC #ETH #SHIB #BabyDoge #dogecoin #DOGE #XRP #Altcoins #Ethereum #Bitcoin #Cryptocurrency #NFTs #NFT #100xGems #BSC #SOL #ADA https://t.co/lKE5ONaxNt"
1521496481852796932,araimo_xrp,2022-05-03 14:26:43+00:00,@CryptoSena08 @NicoloCj @Jimmy42881195 @danboorudes @Raprap10715075 Thank you @CryptoSena08  Received your gift! ğŸš€ğŸš€ğŸš€
1521496461611089924,cryptomaniac152,2022-05-03 14:26:39+00:00,"@skipper_xrp @HogxNFT @GrgoirePineault 
@Taylor979797
@Nazangge @Rajaa_Ginting  doneâœ…"
1521496361455308802,sfasfa1231,2022-05-03 14:26:15+00:00,"#Ø§Ù„Ø¹Ù…Ù„Ø§Øª_Ø§Ù„Ø±Ù‚Ù…ÙŠØ© #btc  #NFT #NFTs #ETH  $ADA $SOL  $XRP   $DOGE $AVAX $LINK $DOT $EOS $ATOM #crypto #shib 
Be very careful of the $DAR coin, I swear it will go down to 0.500 $â›”ï¸â›”ï¸ğŸ”»ğŸ”»ğŸ”»ğŸ”»"
1521496333953253376,CootiesNFTs,2022-05-03 14:26:08+00:00,"Stake to Earn #NFT's 

Mint: https://t.co/9OnFiLVUG4
Stake: https://t.co/s5ytMtAfpU
Discord:https://t.co/QItiGOSO04

Trading has started on @SwftCoin 
Soon to be on @Oracle_Swap 

 #SongbirdNetwork $SGB #Staking #StakingRewards 
#XRP #XRPCommunity https://t.co/4AI9Jmo8o3"
1521496229041082368,notasaucegod,2022-05-03 14:25:43+00:00,@RippleXrpie XRP XLM XDC ALGO forever stuffing my bags
1521496208212115458,ANT159694954,2022-05-03 14:25:38+00:00,"XRP Price Prediction: Ripple to post 18% gains
https://t.co/KfXdNJQE68 
Expect a violent and quick rally towards $0.7305, booking 18% gains in total."
1521496196463960067,homesforlifema,2022-05-03 14:25:35+00:00,@cowboycrypto131 @H_FinTech @digitalassetbuy @BlackberryXRP @TAIGxrp @Leerzeit @_XRpizza @Fame21Moore @MarketsMickle They are going to get away with it. They always do.  We should help them finish eth POS switch so they will let XRP go.
1521496195784445953,jzipavetheway,2022-05-03 14:25:35+00:00,@RuleXRP Why so bullish? What will XRP do that the rest of the market wonâ€™t? Just interested
1521496164125880321,xrp_bridge,2022-05-03 14:25:28+00:00,@garyvee @veefriends For sale 0.19 eth https://t.co/O5B3RACdFU
1521496128650362881,cryptomaniac152,2022-05-03 14:25:19+00:00,@skipper_xrp @xrpl_xtreme @xtreme_asia @Nazangge @Taylor979797 @vincent11203348 @XRP_nymph94 doneâœ…
1521496123705335809,DataMetrics_UG,2022-05-03 14:25:18+00:00,"ğŸ¤‘ Exchange Info ğŸ¤‘ Price differences on #Binance &amp; #Bybit | #BTC: $14.10, #ETH: $0.8600, #BNB: -$0.2243, #QTUM: $0.002700, #XRP: $0.00010000, #ADA: -$0.001000, #BTT: $0.002775, #DOGE: $0.00008000 | ğŸ‘ï¸  More: https://t.co/dTzxAkrosr https://t.co/zkcnZehzbA"
1521496103908167682,Wilfred56515994,2022-05-03 14:25:13+00:00,"@Crypto__Diva We all know that some potential altcoin is undervalued, like $XRP, $TRC, $SYS and many more.

It's only a matter of time before $SYS price catches up with its real value, As many partners and new ideas are onboarding on $SYS platform with the deployment of NEVM smart contract."
1521496100259176450,PStasyna,2022-05-03 14:25:12+00:00,"@Panama19841 @LindaPJones Xrp value derived from its utility value not it's escrow, or ""asset back"" . It will never be asset backed because it's not an asset... It's a platform for the large commercial exchange of money."
1521496082177478658,ClankApp,2022-05-03 14:25:08+00:00,"ğŸ’°50,000,000 #XRP (31,015,466 USD) move from #ripple to unknown wallet
 
Date : 2022-05-03 14:24:31 (GMT 0)
Blockchain : #RIPPLE
Symbol : #XRP
 
Detail: https://t.co/WaHP754f7U"
1521496055522672641,HobbiesCards,2022-05-03 14:25:02+00:00,"#XLM #XRP  IT'S LEGAL! This will set the standard and give us so much data on FULL USE CASE. We've been waiting for this! #Stellarfamily POSITIVE CRYPTO NEWS FOUND HERE.

https://t.co/3AKrOyug6L"
1521496041392160774,xrp_bridge,2022-05-03 14:24:58+00:00,@garyvee For sale 0.19 eth https://t.co/B48M6I6FsI
1521496018751311880,Lionel46294550,2022-05-03 14:24:53+00:00,#xrp #xrpcommunity hmmm expansion in USA ğŸ¤” I smell something positive coming https://t.co/aZFrX19Ob3
1521495989340807168,montymillhouse,2022-05-03 14:24:46+00:00,"@Mel_Senechal Only 24? Wow, how lucky to be so young and already across XRP etc! Happy birthday, I hope you have a great day!"
1521495970026070018,NadalMKassem,2022-05-03 14:24:41+00:00,@gagan_4321 @XRP_Avengers They are boring working for Ripple
1521495963013206017,xrp_anon,2022-05-03 14:24:40+00:00,@ClownBasket Where does our new Ministry of Truth maniac stand on this? #DoubleClownWorld
1521495828178812929,cryptomaniac152,2022-05-03 14:24:08+00:00,@skipper_xrp @xBayMarketplace @Taylor979797 @mister_promise @Nazangge @GilderAlovera1 @muhammad11087 @GrgoirePineault doneâœ…âœ…
1521495781223673858,xrpoggers,2022-05-03 14:23:56+00:00,"Gaaaarrrrryyyyyyyy... @BlackberryXRP added to the platform, see if we can reach Gary and get the answers the industry deserves!

#XRP #XRPArmy #cryptocurrency https://t.co/OYjL1keGSq"
1521495734117453827,xrp_ninja,2022-05-03 14:23:45+00:00,What about accrediting? https://t.co/ZiROUnmsnF
1521495672410804226,xrpto100,2022-05-03 14:23:30+00:00,@The_Dude_1982 @realXRPwhale Yet people still follow this irrelevant douche. He's done nothing for #XRP. @Bitboy_Crypto has done more for #Ripple/#XRP than anyone else.
1521495648037707776,ANT159694954,2022-05-03 14:23:25+00:00,"XRP Price Rebounds, Up 6% In 24 Hours, After Suffering Major Hiccup via @newsbtc https://t.co/Y7GOjDRi4S"
1521495613535305728,scammedbyHELIOS,2022-05-03 14:23:16+00:00,#scammedbyPNPCOIN #mine $BTC $BCH $ETH $DOGE #cryptos $XRP #TRON $SHIB $ELON #IndiaWantsCrypto #BitcoinLiyaKya #BitcoinINDIA https://t.co/uyltTblc7h
1521495531373084676,EricaFBoehm,2022-05-03 14:22:57+00:00,"Staking @Xwhales21 and soon with @xPEPENFT  load up before the price shoots up like @Xwhales201 is! you can also earn passive income on many of your #NFTs ğŸ”¥ğŸ”¥ğŸš€ğŸš€ğŸš€
#NFTCommunity 
#NFTdrop 
#NFTProject 
#nftart 
#XRP 
#XRPL https://t.co/NR6pLqmVof"
1521495522909032452,paradiseDBTR,2022-05-03 14:22:55+00:00,@Sykodelic_ I agree about Xrp. Long previous hold for me. Sold most for Dag. We shall see.
1521495514805641219,mrkrystallis,2022-05-03 14:22:53+00:00,"Total Investment in Syndicate DAO Tops $28 million After Latest Funding Round.

The funding round of $6 million included investments from Andreessen Horowitz, OpenSea and Uniswap Labs..

#crypto #btc #eth #xrp"
1521495483591577602,cryptomaniac152,2022-05-03 14:22:45+00:00,@skipper_xrp @hungrylions2 @Taylor979797 @mister_promise @XRP_nymph94 @RonronRomantiko @shyia94  doneâœ…
1521495479175073793,WLolli3342,2022-05-03 14:22:44+00:00,"@MariaBartlromo Please report on this. The SEC is out of control.
https://t.co/EjYP8lCIZI"
1521495437919895552,xrp_guru,2022-05-03 14:22:35+00:00,@solow_up are you worried yet?
1521495424644825089,thepotentium,2022-05-03 14:22:31+00:00,"@realXRPwhale @bgarlinghouse @FoxBusiness @CGasparino Mungerâ€™s attacking #Bitcoin (no utility) not #XRP (utility). Could the former go to zero, lose its dominance to #Etherum, or live on the #XRPL? ğŸ¤”"
1521495419905355779,AndreasPanayi8,2022-05-03 14:22:30+00:00,@Leerzeit I said this from the beginningâ€¦ XRP will get the clarity first as its US technology and then all the rest will start getting attackedâ€¦ Guess where will everyone park there money after?
1521495371482083330,mandtfarm,2022-05-03 14:22:19+00:00,@Leerzeit The day the SEC goes after #ETH is the day JPM and their buddies buy #XRP.
1521495339588591617,xrp_irish,2022-05-03 14:22:11+00:00,@crypto_queen_x Congrats on 5k followers
1521495337176911873,CryptoStreetNet,2022-05-03 14:22:11+00:00,"Ripple and XRP have proven themselves against the SEC. Who's next in the ring? ğŸ‘€

#XRP #Ripple #DigitalAssets #Crypto #Ethereum #Eth $ETH https://t.co/5yNXzaAf8t"
1521495257342517249,compbizian,2022-05-03 14:21:52+00:00,"@UtilityTheory @CryptoLawUS @JohnEDeaton1 Hi @UtilityTheory , actually I'm asking about XRP and WTK , not XDC (as I'm fully aware of XDC :) ). In my opinion, WTK is going into the business of XRP ?"
1521495241290924035,JedTacostand,2022-05-03 14:21:48+00:00,"XRP address: rEhKZcz5Ndjm9BzZmmKrtvhXPnSWByssDv

3rd May 2022
-  2.477M
Available: 331.102M
Days to go with current sell volume: 134 days (14th September 2022) https://t.co/AI3uGXAfbk"
1521495192225955840,kevindixon,2022-05-03 14:21:36+00:00,@Mel_Senechal It would be a great day for XRP to moon. Happy B'day! https://t.co/VmutZkX0WF
1521495111514959873,psychedelicraig,2022-05-03 14:21:17+00:00,"Calling yourself Angel Investor but only participating in the Personality Disorder #Crypto #Cult makes you neither #angel nor #investor

#Cryptocurrency #Bitcoin #Money
#Cryptocurrencies #CryptoMining
#cryptotrading #NFTs #BTC #XRP #dogecoin #ADA #LTC #BNB $BTC $ETH #LTC #Binance https://t.co/h8nFEUWEwe"
1521495102350372864,Kashayap12,2022-05-03 14:21:15+00:00,"$xrp this community will go big regardless. Letâ€™s fk moon!!!!
https://t.co/a0PYshYT89
$SHIB $ETH $BTC $SOL $MATIC $ATH $DOGE $CRV $VET $SL https://t.co/il7t9UhEyA"
1521495097598267393,XRP_IAN,2022-05-03 14:21:13+00:00,Belfort on Blockchain -Pt2 Full: https://t.co/BMhvv32qmp #Blockchain #Cryptocurrency #Regulation #Altcoins #FinancialSystem #Banking #wolfofwallst #Belfort https://t.co/T0UsKwWIil
1521495014186139653,Trades4Radio,2022-05-03 14:20:54+00:00,"ğŸ¤‘Crypto &amp; News Wake up with Jay May 3rd #btc #crypto #news 
ğŸ‘‰https://t.co/zfiqyBQ02k via @YouTube 

#Bitcoin #cryptonews #NFT  #BSCGems   #crypto  ğŸ˜˜ğŸ’¸âœˆï¸ #doge #xrp #bsc 
 @TheMoonCarl @Bitboy_Crypto  @MMCrypto  @cmctrending @MrBeast @rovercrc @Bitcoinsensus @BitcoinMagazine ğŸ™ï¸"
1521494979373322241,SlothTradingBot,2022-05-03 14:20:45+00:00,"ğŸ””Price updates for different #crypto assets that get price predictions on ğŸ¦¥SlothTrading:

#ETH: $2,827.88
#DOT: $14.91
#SOL: $86.98
#LUNA: $83.44
#XRP: $0.6149
#AVAX: $60.53
#ALGO: $0.6780
#ATOM: $18.27
#ETC: $27.26

ğŸ’¥New predictions every hour"
1521494977573965827,officialxrpcoin,2022-05-03 14:20:45+00:00,Buy $XRP or stay out of crypto
1521494944359268353,D44589165,2022-05-03 14:20:37+00:00,"One day the best pick up line in the world will be:
""Yeah, I have #XRP...""

#XRP #xrpthestandard"
1521494928827850757,bazinga2022zing,2022-05-03 14:20:33+00:00,@anndylian Anndy you are very smart now I see why you are industry thought leader of crypto #xrdoge #kishu #doge #shib #xrp https://t.co/0WDIljdTzG
1521494926772609032,bym02130,2022-05-03 14:20:33+00:00,"@xspectar @XrpNurse @Ripple @ripplex Monica Long-sanğŸ¥°
@AREX_XRP @eGxXMMOs3O2L7Pp @GrimRoad925"
1521494862192852993,XRP_IAN,2022-05-03 14:20:17+00:00,Belfort on Blockchain -Pt1 Full: https://t.co/BMhvv32qmp #Blockchain #Cryptocurrency #Regulation #Altcoins #FinancialSystem #Banking #wolfofwallst #Belfort https://t.co/SEzC6Su1yw
1521494859160461312,DataMetrics_UG,2022-05-03 14:20:17+00:00,"ğŸš¨ Signal Alert ğŸš¨ #Bybit Futures: #XRP ($XRPUSDT) | Side: Long ğŸ”º, Signal Strength: 59%, Entry price: $0.6145, TP: $0.6289, SL: $0.5498, Volatility: 0.06% | ğŸ‘ï¸  More: https://t.co/njKwYCYXMY https://t.co/UXW9MHderc"
1521494857470124033,BitcoinFNews,2022-05-03 14:20:16+00:00,"XRP Price Rebounds, Up 6% In 24 Hours, After Suffering MajorÂ Hiccup https://t.co/D6ikQKA3NS"
1521494819809464320,kaori_webber,2022-05-03 14:20:07+00:00,@OthersldesMeta See you on the otherside @LacteurrF @0xJing @glen_k_ @Jersy20145751 @universe_xrp @__AlienNFT__ @tyan14_ @nftdegeneration @Risk_NFT @kauednz @SquirrelingSQRL @nft_mae @kashan333 @wjbradders @WittyNft @javilopezhernan @jjindon @mielnik_nicolas @OneCryptoQueen @ChillNWeed
1521494818916032512,OctaviaHalifax,2022-05-03 14:20:07+00:00,$XRP just getting railed right now ğŸ˜€ #investing
1521494776113250304,XRP_Rush,2022-05-03 14:19:57+00:00,"@PhilippeDelvig1 @RyanGrimsby @XRP_DigiGold i was trading on lobstr and some of the Indus assets when you purchase them, they wont let you sell out of them"
1521494727320866817,Vwnikster86,2022-05-03 14:19:45+00:00,@thebearablebull @SECGov 2 billion is a lot less than the 15 billion rug pull they did on ripple/xrp
1521494678079778819,JXRPJ,2022-05-03 14:19:33+00:00,@rabb1t_fr3n @XRP_DigiGold Didn't he also say XRP was going to $1 million+
1521494674086801408,kha_n777,2022-05-03 14:19:32+00:00,@CryptoRedempti1 @bgarlinghouse If this guy personally meet with Elon musk I'm sure xrp price boom or help to solve Sec shit.
1521494668126662658,jackrockson12,2022-05-03 14:19:31+00:00,"@altcryptocom IÂ believe $XRP, $ADA,Â and $LUXYÂ 
willÂ remainÂ myÂ gems ğŸ’Â dueÂ toÂ theÂ 
widespreadÂ acceptanceÂ ofÂ 
@Luxy_ioÂ #NFTMarketplace.

These gems will definitely make me a billionaire"
1521494606583853057,Toni53248558,2022-05-03 14:19:16+00:00,@OthersldesMeta This is so great tha you make refund! @kza881 @Ghreyy @hodlezone @XRP_322 @catbitsnft @ElchicoNolito @0mar1023 @JayCeeXRP @qwertshy @ShareShareShar3 @TEACHERSCHANNE1 @RichTooRaw305 @R_MackPhotos @KyaceD @TheMechanisim @cryptoogetha @d_john24 @TheBakaArts @R_Hinomoto @Queen_Annyer
1521494600992669697,JeffreyPrender7,2022-05-03 14:19:15+00:00,"@YuhBaiBai2 @WhaleEverything @AstroZeroNFT @RocketDashGame ğŸ›‘ 2012Â Â Â  You missed #BTCÂ  
ğŸ›‘ 2013Â Â Â  You missed #DOGE
ğŸ›‘ 2014Â Â Â  You missed #XRP
ğŸ›‘ 2015Â Â Â  You missed #ETH
ğŸ›‘ 2016Â Â Â  You missed #ADA
ğŸ›‘ 2017Â Â Â  You missed #BNBÂ  
ğŸ›‘ 2018Â Â Â  You missed #LINK
ğŸŸ¢ 2022    Don't miss #ELONONE https://t.co/8QJJlhEWqz"
1521494551600451584,HTom___,2022-05-03 14:19:03+00:00,@RCaseyXRP @dntfrgtJesus @AlgodTrading Bro u can't laugh at people' with XRP at your name
1521494442099814400,cryptoOwasso,2022-05-03 14:18:37+00:00,@Kashta9 @PaulCroucher8 @MarketsMickle This the reason they are buying XRP on the secondary market like every one else.
1521494360218558464,CyberBoss33,2022-05-03 14:18:18+00:00,"@JohnEDeaton1 @Ripple @GaryGensler What happens when XRP rockets or dumps, but there are no exchanges are open in USA and you are unable to sell coins? Major scare event... no access to your coins."
1521494339070877698,xrp_ninja,2022-05-03 14:18:13+00:00,"https://t.co/Y9OYA4b2Px Restarts Staking Rewards After Community Furor

#embarrassing #CRO 

ZERO CRED GIVEN  https://t.co/kyENPdFbuK"
1521494289246740488,YoDisasta,2022-05-03 14:18:01+00:00,@XRP_Bun @XRPL_XUM Amen
1521494239867293698,tomakicrypto_,2022-05-03 14:17:49+00:00,@XRP_Avengers How much you put for that ğŸ¤£ 50k?
1521494208397328394,801_XRP,2022-05-03 14:17:41+00:00,@FOMOfeverDreams @thebearablebull @SECGov Never said he did just saying he will be put in his place but thanks for pointing that out for me.
1521494094136197123,Jimakos13,2022-05-03 14:17:14+00:00,"@saylor And people who understand $theta build on it!
https://t.co/uDfUc2yF2w

#theta @Theta_Network
#eth #btc #bitcoin #metaverse #web3 #cryptotrading #cryptocurrency #CryptocurrencyNews #Crypto #ada #xrp #SLP"
1521494072560693255,thegladguppy,2022-05-03 14:17:09+00:00,@JTheretohelp1 Target for XRP still $10? @JTheretohelp1
1521494060053463040,Crypto61920718,2022-05-03 14:17:06+00:00,"$BTC $ETH $USDT $BNB $USDC $XRP

 Looking for the next big #NFT trade?  Check in to #CryptoTraders.com to access your free trial for the next big #NFTGiveaway  trade

https://t.co/ziImVravEn https://t.co/susHlOyMfV"
1521494055032655873,rabb1t_fr3n,2022-05-03 14:17:05+00:00,@XRP_DigiGold Good job promoting a scam.
1521493957485735938,FOMOfeverDreams,2022-05-03 14:16:42+00:00,@801_XRP @thebearablebull @SECGov He never left Wall Street
1521493890032885763,Po640,2022-05-03 14:16:26+00:00,"Is $hawk good for holding..!
.
.
$slp $ape $vra $tel $btc $xpr $xrp $frr $fra $arker $h3ro3s $plato"
1521493889714368512,ModestyHoratio,2022-05-03 14:16:25+00:00,ICYMIâ€¦â€¦ ISO 20022 Cryptos: 5 Compliant Cryptos to Keep an Eye on in 2022 âœ¨ #xrp #xlm #xdc âœ¨ https://t.co/5qQ8xZKnW9
1521493834454257674,DPXRP1,2022-05-03 14:16:12+00:00,"@livefazt1 @hgtpbvbjared @HammerToe @girlgone_crypto @RemindMe_OfThis I think weâ€™re aligned in believing that the future is cross chain, whatever standard is used. I have done enough research and have enough conviction in Flare and XRP, to hold my bags without worries. 

There will be more than one winner ğŸ‘ğŸ¼"
1521493828888592385,kalembang01,2022-05-03 14:16:11+00:00,@ShibaNFTteam @LiveFre47518057 @shibanfthealer @ShibaNFT_Arrow @ShibaNFTmerch @AREX_XRP @NealSualog @kimtuan2021 @JrAcanto                       Influencer: @Rajaa_Ginting
1521493809229615108,TXITJOBS,2022-05-03 14:16:06+00:00,Cypher Short: #NFT's / #XDC #XRP XLM - New money system- GET STARTED NOW! https://t.co/op1kJxeQKc via @YouTube
1521493772101722113,JohnWay70383223,2022-05-03 14:15:57+00:00,@Lorrentz @ashgoblue @thebearablebull It has a use case right now of banking not retail. Overseas banks would and must by definition cause price to rise. The world is larger than the sec. If ripple is growing then by definition so does XRP.
1521493756041740290,801_XRP,2022-05-03 14:15:54+00:00,@digitalassetbuy Russian is going back to the gold standard and China could be next.
1521493705089236992,cryptoOwasso,2022-05-03 14:15:41+00:00,"@Kashta9 @PaulCroucher8 @MarketsMickle Ok smart research guy, read the 72 page lawsuit filed by the SEC.  Itâ€™s a $1.3 billion lawsuit for sales during the window of time Ripple owned and sold XRP!  Yes Poof it stopped!"
1521493698986799105,DarcyCa81661538,2022-05-03 14:15:40+00:00,I just caught 60k just for free.! #XRP #Ripple #XRPCommunity #XRPUSD #DeFihttps://t.co/4WQ1itdOsZ
1521493658151047168,gagan_4321,2022-05-03 14:15:30+00:00,@XRP_Avengers Why are you repeating same thing for last many time
1521493586256310272,im2piece,2022-05-03 14:15:13+00:00,@RippleXrpie @XRP_Moonshots ğŸ”¥DefinitelyğŸ”¥ https://t.co/yD940XV51B
1521493567688089603,KelsenBelle,2022-05-03 14:15:09+00:00,ğŸ #XRP Giveaway ğŸCheckout LucretiusNet Metaverse Teaser below! And get a chance to win!ğŸ”¥ğŸ’°3 will bag: ğŸ¥‡50 XRP ğŸ¥ˆ30â€¦
1521493532829179913,Vega_Crypto,2022-05-03 14:15:00+00:00,Itâ€™s nice getting cash back with the #crypto.com card #CRO #Ethereum #XRP #Rewards #Cryptocom #cryptocurrency #bitcoin #NFTs https://t.co/V0u89PcJnK
1521493398229864452,PhilippeDelvig1,2022-05-03 14:14:28+00:00,"@XRP_Rush @RyanGrimsby @XRP_DigiGold now THAT is interesting (no sarcasm here), what do you mean by ""I was on there"", which would show LOBSTR is a scam?"
1521493386976501763,WildPenguins589,2022-05-03 14:14:26+00:00,"Neck-less Penguin 

Available on the @realSologenic XRPL-NFT marketplace.

Be real, be a penguin.ğŸ§

#NFT
#NFTCommunity 
#NFTcollections 
#XRP
#XRPLcommunity 
#WildPenguins 

https://t.co/SS48sRxkSu https://t.co/yFeI4OakBa"
1521493370090176512,XYO_Ashcoinum,2022-05-03 14:14:22+00:00,"ğŸ˜‚ğŸ˜‚ğŸ˜‚ i love crypto.twitter

#crpyto #cryptocrash #XRP https://t.co/SNfNwVQCoF"
1521493362414604288,cryptofusionxrp,2022-05-03 14:14:20+00:00,Ripple Price about to EXPLODE to $3? Buy XRP below $1! https://t.co/YNQQn5W9jv #finance #ethereum #xrp #crypto #ripple #xrpcommunity #blockchain #money #bitcoin #xrparmy
1521493349588692992,AlphaMyst,2022-05-03 14:14:17+00:00,@saylor No. That's $XRP.
1521493255841619968,Jerry94841250,2022-05-03 14:13:54+00:00,@XRP_Productions Here come the clown's https://t.co/6gIPVvQEcg
1521493118129954821,XRP_IAN,2022-05-03 14:13:21+00:00,"@KatzGrey ğŸ§  mmmâ€¦I may have heard the name in something i read, regarding XDC. But this is the first doc or substantial material iâ€™m seeing on it.  Good find!!"
1521493109351358470,cryptofusionxrp,2022-05-03 14:13:19+00:00,WATCH: Texas A&amp;M beats Florida on last-second shot in SEC Tournament to keep NCAA Tournament hopes alive - https://t.co/VyBoHp5piY #relistxrp #xrparmy #ripple #xrp #crypto #ethereum #xrpcommunity #money #finance #bitcoin #ResignGaryGensler #sec #garygensler #blockchain
1521493074584776707,PhilippeDelvig1,2022-05-03 14:13:11+00:00,"@RyanGrimsby @XRP_Rush @XRP_DigiGold you forgot the ""sarcastic"" emoji :D"
1521493059707580424,xrp_prime,2022-05-03 14:13:08+00:00,"@CasinoCoin @UpholdInc Nah we won't be able to move it off the exchange. @UpholdInc is pathetic now, just lies about what's going to happen"
1521493057715245056,MaGioMusic1,2022-05-03 14:13:07+00:00,@CryptoWhale @easyeight08 yeah when XRP go to 10K  )))
1521493044310290432,cryptojohn2022,2022-05-03 14:13:04+00:00,@RippleXrpie XRP will have the highest MC in crypto by 2025
1521493025104580616,controlfinance_,2022-05-03 14:12:59+00:00,"This site is legit and they pay your profit everyday without any problem

https://t.co/usTSxIk23Y

$XRP $BCH"
1521493001796833281,BarnacleScott,2022-05-03 14:12:54+00:00,$XRP you sayâ€¦ https://t.co/EXTKrmDfmr
1521492993458454535,berentstein,2022-05-03 14:12:52+00:00,"@KurableCrunch Interesting, will check out. Preparing for Flare launch currently to wrap the XRP"
1521492985443201032,Kashayap12,2022-05-03 14:12:50+00:00,"Crypto traders are the best. 
https://t.co/a0PYshYT89
$xrp $hbar $icx $btc $eth $algo $Xlm $sol $qnt $lnk $poly $celo $ren https://t.co/vpQ4fn5ZZu"
1521492985195728898,ATypicalOne2,2022-05-03 14:12:50+00:00,@gang_xrp Gmgm
1521492936340516865,xSTIKbot,2022-05-03 14:12:38+00:00,ğŸš¨ #XRPL #NFT sold for 150 #XRP. https://t.co/TyYyJBTexu
1521492897228640256,DKizzy,2022-05-03 14:12:29+00:00,"@CoinDesk @SECGov @jackschickler Still waiting for the filing against #XRP, funny how that's played out. A complete farce."
1521492848444649472,philosophicus11,2022-05-03 14:12:17+00:00,"@CryptoWhale @easyeight08 How is your long on XRP from 3,30 sir? ğŸ¤¡ğŸ¤¡ğŸ¤¡"
1521492774654255105,CALEBWAREAGLE7,2022-05-03 14:12:00+00:00,The petro dollar died on the 24th of August 2021 when Saudia Arabia signed a military agreement with Russia. Everything playing out now is causality. When the dollar looses world reserve status #Gold #Silver #XLM #XRP will be the bedrock of the new financial system. https://t.co/wugYH0UKHS
1521492743411089409,lancelot_claude,2022-05-03 14:11:52+00:00,END GAME. Best/Worst Case Scenario SEC / ETH vs. Ripple / XRP #xrp #xrpthestandard ripple https://t.co/DLT5H8kbHj
1521492743134265350,Starla79328201,2022-05-03 14:11:52+00:00,@OthersldesMeta just claimed my otherdeed with bayc @Beez_Kneez0 @JeffBeck11 @nftderp @blockywhales @IsaacWinsley @GlobeyNFT @theiyimser @marcjaybr @ecick @dariodft @FezzyMajid @daviid87 @0xMetaMatthew @kazuhiroshiota2 @Shayanfk @lafidchao3 @maxi_xrp @waunachadwick @ale_sxcks @Knightsdub
1521492708254179328,HelenaFinancial,2022-05-03 14:11:44+00:00,"Argentina's largest private bank, Banco Galicia, has added support to buy #Bitcoin, #Ethereum, #XRP, and #USDC on its app.

https://t.co/nhwvQJAXhj 

#Crypto #BSC #HelenaFinancial"
1521492699785928705,AllanObispo,2022-05-03 14:11:42+00:00,"$ENS $DOGE
SHORT TRADE BIAS 

â¡ï¸One of Highest APY in exchanges 
â¡ï¸Be Part Of BYBIT_KTC TRADING SIGNAL
â¡ï¸Create accountğŸ‘‡ğŸ‘‡ğŸ‘‡ğŸ‘‡
https://t.co/QgqxkYTCdX

#crypto #cryptotrading #btc #eth #terra #dot #ada #xrp #matic #Bybit #bnb #shib #doge #gmt #ape #blockchain #nftgaming #ens https://t.co/NLZBIJZilh"
1521492628176572416,ArthaS_XRP,2022-05-03 14:11:25+00:00,"@CasinoCoin @UpholdInc We will #build #world together 
#cscxrpl"
1521492570433544193,Barke23,2022-05-03 14:11:11+00:00,Xrp support nexo utility passiv income https://t.co/SeQm5BXfGZ
1521492563358027776,TehOais_00,2022-05-03 14:11:09+00:00,"@XRP_Avengers @RippleXrpie From the makers of @Flappy_Floki comes a second  #P2EGame were you can #earncrypto
ğŸ˜¸ğŸ˜¹ğŸ˜ºğŸ˜»ğŸ˜¼ğŸ˜½ğŸ˜¾ğŸ™€
The #presale is opening to whitelisting very soon!
Join our 1st game's community to find out more: https://t.co/Z15dhmcv20
This game will be HUGE! #1000xgem
See you there
#BSC â¤ï¸ https://t.co/0oEFpOp8mG"
1521492542986018817,GreatestPhill,2022-05-03 14:11:04+00:00,@HectorDAO_HEC @Ripple @CryptoGuyXrp @PtimeXr @Ripple_XRP1 @fantom_insider @JoelKatz @digitalassetbuy @BankXRP @XRPcryptowolf @XRPNews_ @Hodor Good decision! Once XRP becomes the only regulated crypto ğŸš€
1521492492339793921,CosmicBombers,2022-05-03 14:10:52+00:00,"@KirkBrevon @Jarvie10Jma @ShirleyTome87 @ReymarkBrogada @Xrp_Alj @Biggi_Baltica Congratulations you are one of the 100 selected in our giveaway. 
Please send us your Songbird wallet address and we will forward you 1 Cosmic Bomber Pilot nft... please be patient it will take some time to work our way through the winners ğŸš€ğŸ‘"
1521492462639980545,SlothTradingBot,2022-05-03 14:10:45+00:00,"ğŸ””Price updates for different #crypto assets that get price predictions on ğŸ¦¥SlothTrading:

#ETH: $2,834.70
#DOT: $14.94
#SOL: $87.24
#LUNA: $83.56
#XRP: $0.6161
#AVAX: $60.64
#ALGO: $0.6818
#ATOM: $18.32
#ETC: $27.35

ğŸ’¥New predictions every hour"
1521492444172455937,philosophicus11,2022-05-03 14:10:41+00:00,"@CryptoWhale #bitcoin is still 2* higher than the former cycle's ATH. On contrary your favourite shitcoin is still 75% down ğŸ˜‚ You ain't do shit by shit-talking on the KING #bitcoin, your heavy XRP bags will keep on bleeding and you will stay poor AF!"
1521492439789633536,BhavyanshMewani,2022-05-03 14:10:40+00:00,"@altcryptocom $XRP
$SOL
Also check out this new project $INR. It won't disappoint you for sure! ğŸ¤—

Inery is the first layer-0 blockchain designed to offer the solution of decentralized database management with the vision to enable a new paradigm for data."
1521492356721225730,kevindixon,2022-05-03 14:10:20+00:00,@diarmuidmacd @XRP_Avengers You're right. They will never give up.
1521492332469702662,CameronAlvara13,2022-05-03 14:10:14+00:00,"@johnny5is_Alive @ahmad_sarris @Mel_Senechal XRP is a decentralized blockchain, Ripple on the other hand may be the ones working with the WEF."
1521492314455166984,therippl3effect,2022-05-03 14:10:10+00:00,"Bank adoption of #Crypto, #XRP among the few: https://t.co/XVwUZ4NlPJ"
1521492299481559041,EdsonXRPWINS,2022-05-03 14:10:06+00:00,"#Ethereum Whales Now Hold 12% Of #Eth Supply

#XRP @Ripple @FilanLawÂ @CryptoLawUSÂ @JohnEDeaton1Â @attorneyjeremy1Â @CGasparinoÂ @TAIGxrpÂ @LeerzeitÂ @BlackberryXRPÂ @digitalassetbuyÂ @DigPerspectivesÂ @_XRpizzaÂ @JayVtheGreat @XRPArmyNews1 

https://t.co/qPwTPs4TTK"
1521492281089474560,Mrcryptoalert,2022-05-03 14:10:02+00:00,Top 10 coin Daily Volume Change % :  $BTC -9.1935% ğŸ’ˆ $ETH -10.148% ğŸ’ˆ $USDT -11.9817% ğŸ’ˆ $BNB -15.8612% ğŸ’ˆ $USDC 3.3103% ğŸ’ˆ $XRP -14.0694% ğŸ’ˆ $SOL -21.9775% ğŸ’ˆ $LUNA -17.2695% ğŸ’ˆ $ADA -23.6731% ğŸ’ˆ $UST -5.4899% ğŸ’ˆ
1521492271539097600,xrppricebot,2022-05-03 14:10:00+00:00,"ğŸ””â—ï¸ $XRP has retained a value of $0.62 over the last hour. 
 ğŸ•“ 03-05-22 | 14:09 GMT"
1521492252174045185,khaliq_alia,2022-05-03 14:09:55+00:00,@ThinkingCrypto1 @GaryGensler will put case against @McLarenF1 now go on then clown ğŸ¤¡ #XRP â¤
1521492230204280833,alilatzio,2022-05-03 14:09:50+00:00,@WillyWonkaXRP As soon as this will happen for xrp when the least expects lawsuit is ending then they will block all platforms to buy xrp and only open sell part then remain holders will then be offered 50dollars per xrp Rapidly buy xrp by extra money before too late
1521492219794018305,MicahPW20,2022-05-03 14:09:47+00:00,@hoskytoken I like Cardano. Stop trying to change the subject. Why is XRP centralized? Show me.
1521492206191845378,FelixMccaffery1,2022-05-03 14:09:44+00:00,How is $tel worth less than $xrp when it has more in circulation??
1521492181910966272,kevindixon,2022-05-03 14:09:38+00:00,@XRP_Avengers Only thing is the Post Master didn't go after AOL. Did they?
1521492170309615619,wicktator,2022-05-03 14:09:36+00:00,XRP - SHORTS DONE âœ… BUYS ALMOST READY... ğŸ•¤ - #XRPPERP chart on @TradingView https://t.co/Uyy3hVUqch
1521492121215246336,GoodLuckStar369,2022-05-03 14:09:24+00:00,"@kavzcrypto @altcryptomars Excellent Team ğŸ’¯ğŸ‘ŠğŸ» Congrats!!

@ssangels85__
@JAnder19__
@MRuth98__

#SnoopProof
#Giveaway #Ripple #XRP https://t.co/eh7o57V3lx"
1521492063581360128,CasinoCoin,2022-05-03 14:09:10+00:00,"Are you guys sure you want @CasinoCoin listed on @UpholdInc? ğŸ‘€

#CSC #CSCNation $CSC #XRPL #XRP #crypto https://t.co/ygNUHhePrk"
1521492041091497987,xrplynx,2022-05-03 14:09:05+00:00,"Paw-Paw ğŸ‘‡one of mine favorite XR-Pilots!!! ğŸ¤©

#xAliens #xrp #nft https://t.co/hGKk5FJ7dJ"
1521492023680901125,AssetsNorris,2022-05-03 14:09:01+00:00,"All the people who have been bearish and spilling all their emotions lately on Twitter: it will all be okay soon.

#Bitcoin, #cryptocurrency, #Altcoins, #altseason, #Cardano, #XRP"
1521491993762881536,Ayhann5,2022-05-03 14:08:53+00:00,"@nft_cryptogang 0xf6b3B4F576C32f695564DB88289f46c26a790204
good luck
@cagriisleyen
@Eminemix2
@SnmzHuseyin
@Erolll519300372

#NFTdrop #NFT #airdrop #Giveaways #solonaNFT
#BTC #ETH #XRP   #eth #opensea"
1521491992106217473,Ayhann5,2022-05-03 14:08:53+00:00,"@LeobwinBrandy 0xf6b3B4F576C32f695564DB88289f46c26a790204
good luck
@cagriisleyen
@Eminemix2
@SnmzHuseyin
@Erolll519300372

#NFTdrop #NFT #airdrop #Giveaways #solonaNFT
#BTC #ETH #XRP   #eth #opensea"
1521491942277799940,KatzGrey,2022-05-03 14:08:41+00:00,"@XRP_IAN https://t.co/8jVMcFySOf

Have you seen this?"
1521491905049239559,alilatzio,2022-05-03 14:08:32+00:00,@HODLmaxi As soon as this will happen for xrp when the least expects lawsuit is ending then they will block all platforms to buy xrp and only open sell part then remain holders will then be offered 50dollars per xrp Rapidly buy xrp by extra money before too late
1521491876376940546,MercyJonesPaul,2022-05-03 14:08:25+00:00,"@CryptoGemsCom I would also propose $LUXY to you, in addition to other gems like $XRP and $SIGN.

Just a few hours ago, @Luxy io opened their NFT MARKETPLACE, and I believe it is an excellent time to invest. Right now, I feel this gem is on the point of mooning."
1521491825101578245,hoskytoken,2022-05-03 14:08:13+00:00,"@MicahPW20 I agree, hype is overrated. What technology does XRP offer over say Cardano?"
1521491817702866948,PStasyna,2022-05-03 14:08:11+00:00,"@criptoman20 @JoelKatz Lmao ğŸ¤£ 99% of you won't be able to exchange your xrp when the flip is switched. Blown away you haven't figured that out yet. They don't just want you out, they won't let you in"
1521491815664603137,SundaTower,2022-05-03 14:08:11+00:00,"@BrianMo55877537 @TylerSCrypto Sad that XRP maxis are ngmi more than BTC maxis
Who are already ngmi, which is impressive"
1521491800388960258,agmxrp,2022-05-03 14:08:07+00:00,"Him and @HugoPhilion.

#XRP #SongbirdNetwork #flarenetwork 
$XRP $SGB $FLR https://t.co/mxL1yUctpC"
1521491682503581696,khaliq_alia,2022-05-03 14:07:39+00:00,@CNBCi What a thick guys he is @GaryGensler zero regulation and guidance. Then following which guidelines he's wasting #usa tax payer money on these new hiring sec is courrpt #XRP â¤
1521491666808496129,namura90,2022-05-03 14:07:35+00:00,"Since 2018 im stay hire look news everyday about ripple #xrp , its worth? I think this is good , i learn everyday"
1521491624651628544,10BKLYN01,2022-05-03 14:07:25+00:00,"$RIVN  $TSLA  $NIO $LCID $XPEV $TWTR $AMC #SHIB $FSR $HOOD $NFLX #DOGE #BTC $GGPI $AMZN $NKLA #robinhood $MATIC $SOL $XRP $AVAX $TRX $BTT $ICP $FB $AAPL

#MULN $MULN is the 4th most widely held stock on NASDAQ.
This will pop-up hard and fast https://t.co/yM0ogWt5I1"
1521491610172801024,northwest1075,2022-05-03 14:07:22+00:00,"@XRP_Productions What the hell, why the vacancy of The SEC Torture Chamber Operator is not advertised publicly???"
1521491532087447554,thecryptobasic,2022-05-03 14:07:03+00:00,"SEC v. Ripple: SEC Recruits More Cryptocurrency Police to Bring Enforcement Action Against Fraudulent and Unregistered Digital Currency Offerings.

https://t.co/VfL2NHj5Op

#SEC #Ripple #XRP #XRPArmy #XRPCommunity #Crypto #cryptocurrency #CryptoNews #CryptocurrencyNews #news"
1521491531353534466,alilatzio,2022-05-03 14:07:03+00:00,@MariometaMeta @crypto_queen_x As soon as this will happen for xrp when the least expects lawsuit is ending then they will block all platforms to buy xrp and only open sell part then remain holders will then be offered 50dollars per xrp Rapidly buy xrp by extra money before too late
1521491508947566596,AestheticSparta,2022-05-03 14:06:58+00:00,"look at this :D  @Crusaders_NFT  Game Roadmap ğŸ’ªğŸ”¥
can't wait for the video !  #xrp #P2E #NFTProject #NFTgaming #MetaverseGames #Crypto #BlockchainGaming #XRPLcommunity #XRPNFT https://t.co/MlNj3huq1m"
1521491507769135104,ogden_fowler,2022-05-03 14:06:58+00:00,ğŸ”´ 2013 You missed $BTCğŸ”´ 2014 You missed $DOGEğŸ”´ 2015 You missed $XRPğŸ”´ 2016 You missed $ETHğŸ”´ 2017 You missed $ADAğŸ”´ 2018 Yâ€¦
1521491468099231745,CoronadoForXRP,2022-05-03 14:06:48+00:00,Iâ€™m a #Utility Maxi #XRP #HBAR #VET #XDC #ALGO #LBRY #XLM #ADA https://t.co/N2IgdaIsoI
1521491464718532613,CSH_ENTHUZST_IO,2022-05-03 14:06:47+00:00,"im just now starting @LindaPJones book ""3 steps to Quantum Wealth"" and its crazy to think that Microsoft only created 12,000 millionaires and 3 billionaires. #XRP #Ripple will make at least 60k millionaires one day...IF PPL HODL IT LONG ENOUGH"
1521491434980925442,decom_ch,2022-05-03 14:06:40+00:00,"ğŸ†ğŸš€Check out the top 5 cryptocurrencies of this week 03/05/2022
Data Provided From 
@CoinMarketCap

Share your thoughts below!
https://t.co/2f9Xvro5g1

#btc #eth #solana #cardano #Binance #blockchain #bitcoin #cryptocurrency #bitcoinmining #crypto #XRP  #Terra https://t.co/eAPZg1Fg6b"
1521491388684292100,mortalhumano,2022-05-03 14:06:29+00:00,"#freemarket some cryptos go up, others go down, in 2017 #XRP was second place, in 2019 #SHIB did not exist and look where it is now ğŸ¤¯ https://t.co/NFqTKoets0"
1521491350583140352,Kashta9,2022-05-03 14:06:20+00:00,"@cryptoOwasso @PaulCroucher8 @MarketsMickle Lol!! It's valued at much less than the market value. Again it's not up for debate I've been in XRP since before there was a Escrow.  Where do you think that xrp was before the escrow? It's very public that David, Arthur &amp; Jed gifted 80 billion to Ripple!"
1521491345520881664,amy_writz,2022-05-03 14:06:19+00:00,"@OthersldesMeta Thanks, claimed land with my bayc @mmusa94 @RGigje @0x_cola @gamer_xrp @powerchang6 @JiraiyaTv @ihza03akunwangi @GoXRPGo @Dogepound1111 @Atthebackof_ @0x_Rice @Bithawk11 @Thekryptz @goranii3 @shafe60 @ArangCadas @IvanLoncar7 @maskelyne23 @OhlalaXRP @Dangler4life"
1521491319406968835,quant_coin,2022-05-03 14:06:13+00:00,"Swing ğŸš¥

$BTC ğŸŸ¡ $38,420.00
$ETH ğŸŸ¢ $2,839.33
$BNB ğŸŸ¡ $386.90
$USDC ğŸŸ¡ $1.00
$XRP ğŸŸ¡ $0.62
$SOL ğŸŸ¡ $87.67
$LUNA ğŸŸ¡ $83.86
$ADA ğŸŸ¡ $0.79
$DOGE ğŸŸ¡ $0.13
$AVAX ğŸŸ¢ $60.96

https://t.co/xzqH6LyCnS"
1521491206726901761,hourly_crypto,2022-05-03 14:05:46+00:00,"BTC: $38,414.22(-$35.29, -0.09%)
ETH: $2,836.60(-$1.19, -0.04%)
USDT: $1
BNB: $386.96(+$0.05, 0.01%)
USDC: $1
XRP: $0.62($0.00, -0.06%)
SOL: $87.62(-$0.35, -0.4%)
LUNA: $83.92(-$0.56, -0.66%)
ADA: $0.79($0.00, -0.1%)
UST: $1.00(+$0.00, 0.1%)"
1521491178998353935,s_ubix,2022-05-03 14:05:39+00:00,Iâ€™m loving these $UBX prices. Taking out my 401k to buy $UBX and $XRP
1521491176288931840,XRP_Nebula,2022-05-03 14:05:39+00:00,@NCJRothschild That bear looks like it has the hangover of the century ğŸ˜‚
1521491163143970819,aXRP11,2022-05-03 14:05:35+00:00,@XRP_Productions Gensler is making cream of turtle soup in his shell right now at the thought of having such an anti American army.
1521491140536827905,whale_alert_2,2022-05-03 14:05:30+00:00,"If you have to hold 3 for the next 5 years, what would you choose?

$BTC 
$BNB 
$ETH 
$VET
$XRP 
$CRO
$Kasta
$AVAX
$SHIB
$DOGE 
$ADA 
$Vpad 
$LUNA
$MATIC
$SOL
$EGLD
$Metis
$Ocean
$Near
$Rune
$Coti
$Djed

ğŸ‘‡ğŸ‘‡ğŸ‘‡"
1521491124539564033,cryptoOwasso,2022-05-03 14:05:26+00:00,"@Kashta9 @PaulCroucher8 @MarketsMickle Also, 75% of Rippled gross revenue has nothing to do with XRP so what facts?  So the $15 billion evaluation would make no sense. Lol"
1521491103291162626,nightmonkey_7,2022-05-03 14:05:21+00:00,@SurprisedCat I do a double-take whenever the people I associate with one project I follow (like Veve) start talking about another project I follow (like XRP). In the moment I was surprised but it makes total sense.
1521491081879248896,decom_ch,2022-05-03 14:05:16+00:00,"ğŸš€Dominance performance of today 03/05/2022

#btc #eth #solana #cardano #Binance #blockchain #bitcoin #cryptocurrency #bitcoinmining #crypto #terra #XRP https://t.co/2I2RcRFBOh"
1521491015428976640,Cryptologist89,2022-05-03 14:05:00+00:00,@TylerSCrypto Lol xrp holders are funny.
1521490936806711297,BlazeSignals,2022-05-03 14:04:41+00:00,"Support us on patreon! https://t.co/ftiSeylK1m
$ETH $BTC $ADA $XRP $SOL $COCOS $BNB $DOT $DOGE $SHIB #crypto #cryptocurrency #cryptoanalysis https://t.co/GNIse2ge7k"
1521490918662184960,bazinga2022zing,2022-05-03 14:04:37+00:00,@Ripple #xrdoge loves #ripple we hope to make #nft that will make @chrislarsensf @bgarlinghouse and @JoelKatz #proud #internetofvalue #iov #odl #xrp #nfts we want ripple funds bay beee https://t.co/qHXpPZFOkm
1521490838072827904,EricaSa18097533,2022-05-03 14:04:18+00:00,"@OthersldesMeta YUGA the best, for refunds! @AlwaysNinja_ @E17Londo @Momoruliu @SaveFulham @laurenjs2005 @Danbrid2 @brigo1 @DaJiang20595875 @paperjuicelab @PowerWomeNft @Nish0609 @LilySze8 @legrabiel @SIR_XRP_ALCHEMY @JmaxiNft @SwaggeredPanda @BiancaNft @Jo98375465 @BossBuddiesNFT @NftStril"
1521490809539145728,Crypto61920718,2022-05-03 14:04:11+00:00,"#CRYPTOTRADERS BACK WITH ANOTHER BANGER! LOCKED IN 253% GAINS ON #OMG  WITH #20X LEVERAGE! LFG! 

https://t.co/ziImVravEn
COME CHECK US OUT
$SOL $XRP $LUNA $ADA $DOGE $SKL $BORA https://t.co/SwO1OXKmX8"
1521490793642483712,XRP_SMACK_XLM,2022-05-03 14:04:07+00:00,"Who really is Satoshi Nakamoto, the creator of Bitcoin? #Bitcoin via https://t.co/G0tvblBj26 https://t.co/5co87q4Az4"
1521490756866818048,XRP_CryptoBeast,2022-05-03 14:03:59+00:00,@rmc2016 @anangblackred @Ripple Probably figured out who you were and was like f. Asking the wrong ppl ğŸ”¥ğŸ˜‚ğŸ¤£
1521490755524640769,BethSan93711398,2022-05-03 14:03:58+00:00,@OthersldesMeta Thanks! Received Koda on my goo land @EnKejdtwCu8pnN9 @_alphacap @KorkiSsatchel @krasnyuk2 @Daveg621 @wondersavre @AvrioHQ @beulanyc @SheaParikh @millioncap @babycetacean @akkicool2003 @perigabri @arti0086 @ValerioNFT_ @rakwiz @connie_coder @XRP_lord @kisea @mrmcq5
1521490746318196736,EBDigitized,2022-05-03 14:03:56+00:00,"@RippleXrpie @XRP_Moonshots Yes, do tell. Brief summary please."
1521490719902507008,milkysc1,2022-05-03 14:03:50+00:00,"ğŸš¨ğŸš¨#XMETA @ 0.0004 on #BitrueğŸš¨ğŸš¨
With XRP prices so low, Now is the best time to LOAD up on #XMETA!!! Get in quick while you can!!!

Click Link for more info: https://t.co/s4EeZD3eBu

#XRP #XRPArmy  #XRPL #xrpthestandard #XRPHolders #100xCoin #100xgem  https://t.co/NEStIEHQH6 https://t.co/Bi4YGPR58O"
1521490672578088961,BoyceBray2,2022-05-03 14:03:38+00:00,BabaCugs Ideas for all that see. Imagine if BABA is wrong &amp;amp; has no timeline. How do you lose out? XRP still grew &amp;amp; money stâ€¦
1521490628772864005,alilatzio,2022-05-03 14:03:28+00:00,As soon as this will happen for xrp when the least expects lawsuit is ending then they will block all platforms to buy xrp and only open sell part then remain holders will then be offered 50dollars per xrp per xrp
1521490607008620545,Kerching1,2022-05-03 14:03:23+00:00,"@HammerToe - Hey Matt, as XRP can be used in private for CBDCs and also on the public ledger - can the town price has two different values for the two different use cases? Thanks"
1521490594559836161,StephanieStarrC,2022-05-03 14:03:20+00:00,"https://t.co/SlyXFMCdEU 

Remember this story from Dec 2021? I went to the https://t.co/9sM4gG3yaR website to see any updates or new projects, and there is nothing there but a logo... ğŸ¤”ğŸ¤”ğŸ¤”ğŸ¤”

#XRPCommunity"
1521490593922355203,MrCryptoo_,2022-05-03 14:03:20+00:00,@XRP_Avengers #XRP will do to banks what #Bitcoin did to fiat
1521490591556816896,CryptoGem500x,2022-05-03 14:03:19+00:00,"@milkysc1 @ChillOwls @Conncrypto1 @Filmleel @HoskinToons @GypsyLo88684280 @airdropXRP_io @cy_xrp Hey, Send me DM ğŸ“© have a good proposal for you"
1521490510334111745,MEGAMANXRP,2022-05-03 14:03:00+00:00,@PurpleShortFish Can you buy XRP directly here or usdt?
1521490416704671751,Cuervo_XRP,2022-05-03 14:02:37+00:00,@haydentiff Definitely B! I've been happy with mine! Have had it for 6 years. https://t.co/TSfBlDXygo
1521490376502255618,xrp_go589,2022-05-03 14:02:28+00:00,"@cb_doge @elonmusk HOW ABOUT THIS IS THE REAL NEWS WE NEED TO HEAR THAT ALWAYS COMES FROM â€œ XRP VALE â€œ â€”&gt; CHINA IS SUPPORTING THE IMF !!!!!
https://t.co/CQ2mvyaGDR #xrpusd MUST WATCH â€¼ï¸"
1521490352993095680,xrp_go589,2022-05-03 14:02:22+00:00,"@RoyalCaribbean HOW ABOUT THIS IS THE REAL NEWS WE NEED TO HEAR THAT ALWAYS COMES FROM â€œ XRP VALE â€œ â€”&gt; CHINA IS SUPPORTING THE IMF !!!!!
https://t.co/CQ2mvyaGDR #xrpusd MUST WATCH â€¼ï¸"
1521490331002363905,JetDigital3211,2022-05-03 14:02:17+00:00,"@MMCrypto Yes. It's called ODL. On Demand Liquidity. 

#XRP https://t.co/qm1URmCF4L"
1521490328410378240,xrp_go589,2022-05-03 14:02:16+00:00,"@JoePompliano HOW ABOUT THIS IS THE REAL NEWS WE NEED TO HEAR THAT ALWAYS COMES FROM â€œ XRP VALE â€œ â€”&gt; CHINA IS SUPPORTING THE IMF !!!!!
https://t.co/CQ2mvyaGDR #xrpusd MUST WATCH â€¼ï¸"
1521490316406177793,xrp_go589,2022-05-03 14:02:14+00:00,"@2chainz HOW ABOUT THIS IS THE REAL NEWS WE NEED TO HEAR THAT ALWAYS COMES FROM â€œ XRP VALE â€œ â€”&gt; CHINA IS SUPPORTING THE IMF !!!!!
https://t.co/CQ2mvyaGDR #xrpusd MUST WATCH â€¼ï¸"
1521490293694021632,Angelene0804,2022-05-03 14:02:08+00:00,"@skipper_xrp @hungrylions2 ğŸ§¡ğŸ§¡ğŸ§¡
@Cristina08013 
@Miggy21549397 
@miru_rumi8 
ğŸ§¡ğŸ§¡ğŸ§¡
all dOne! ğŸ™ğŸ˜Š https://t.co/gGsdCXeNkE"
1521490280200998913,xrp_go589,2022-05-03 14:02:05+00:00,"@davidgokhshtein HOW ABOUT THIS IS THE REAL NEWS WE NEED TO HEAR THAT ALWAYS COMES FROM â€œ XRP VALE â€œ â€”&gt; CHINA IS SUPPORTING THE IMF !!!!!
https://t.co/CQ2mvyaGDR #xrpusd MUST WATCH â€¼ï¸"
1521490261335220224,Crusaders_NFT,2022-05-03 14:02:00+00:00,"ğŸ›¡âš”ï¸ @Crusaders_NFT Game Road Map âš”ï¸ğŸ›¡

ğŸ‘‘ Next We Will Be Making A Video To Present The Game Documentation &amp; What To Expect Next ğŸ‘‘

#XRPL #xrp #P2E #NFTProject #NFTgaming #MetaverseGames #Crypto #BlockchainGaming #XRPLcommunity #XRPNFT https://t.co/XD3SvrW1WL"
1521490250341756930,xrp_go589,2022-05-03 14:01:58+00:00,"@wizkhalifa HOW ABOUT THIS IS THE REAL NEWS WE NEED TO HEAR THAT ALWAYS COMES FROM â€œ XRP VALE â€œ â€”&gt; CHINA IS SUPPORTING THE IMF !!!!!
https://t.co/CQ2mvyaGDR #xrpusd MUST WATCH â€¼ï¸"
1521490235632324609,Crypto_Freakie,2022-05-03 14:01:54+00:00,"Bonds Lose Half a Trillion https://t.co/c8gK4bViPp
#btc #eth #doge #bnb #crypto #xrp #ada #dot #luna #ltc #uni $sol #crypto #shiba #matic #sol #avax #cryptocurrency #cryptonews
10%discount on #Binance :https://t.co/X88WOkuryx"
1521490233581309952,Crypto_Freakie,2022-05-03 14:01:54+00:00,"Mercedes, Hyundai, VanECK, Global Brands Adopt NFTs https://t.co/UJErUxAPAZ
#btc #eth #doge #bnb #crypto #xrp #ada #dot #luna #ltc #uni $sol #crypto #shiba #matic #sol #avax #cryptocurrency #cryptonews
10%discount on #Binance :https://t.co/X88WOkuryx"
1521490233098969089,luxbworld,2022-05-03 14:01:54+00:00,@UniverseTwenty Bought $2k worth of btc at $7. But XRP at .10 and qnt at $2 as well.
1521490232138506240,XRP_CryptoBeast,2022-05-03 14:01:53+00:00,@rmc2016 @Ripple Lol. Ahh. Thatâ€™s what that fuss was about when they posted a Shwartz 3D ape.ğŸ¤£ğŸ˜‚
1521490202551857155,incoinsbot,2022-05-03 14:01:46+00:00,"Top 10 cryptocurrencies price update last 1hr 
 
Buy #crypto at https://t.co/1bZAJPIvJf 

$BTC $ETH $USDT $BNB $USDC $XRP $SOL $LUNA $ADA $UST https://t.co/wqt9tZBhuU"
1521490158465560587,xrp_go589,2022-05-03 14:01:36+00:00,"@elonmusk HOW ABOUT THIS IS THE REAL NEWS WE NEED TO HEAR THAT ALWAYS COMES FROM â€œ XRP VALE â€œ â€”&gt; CHINA IS SUPPORTING THE IMF !!!!!
https://t.co/CQ2mvyaGDR #xrpusd MUST WATCH â€¼ï¸"
1521490153142902790,801_XRP,2022-05-03 14:01:35+00:00,@attorneyjeremy1 To do this means heâ€™s planning on coming out with new laws on crypto himself donâ€™t he have to go thru the senators house committee first he canâ€™t just put stuff into law right? Letâ€™s hope the EO send him back to Wall Street.
1521490137724731393,xrp_go589,2022-05-03 14:01:31+00:00,"@XRP_Avengers HOW ABOUT THIS IS THE REAL NEWS WE NEED TO HEAR THAT ALWAYS COMES FROM â€œ XRP VALE â€œ â€”&gt; CHINA IS SUPPORTING THE IMF !!!!!
https://t.co/CQ2mvyaGDR #xrpusd MUST WATCH â€¼ï¸"
1521490123090767873,ckmnewsfeed,2022-05-03 14:01:27+00:00,"@BancoGalicia, #Argentina's largest private #bank, is now offering four major #cryptocurrencies to its customers: #Bitcoin, #Ethereum, #USDC, and #XRP. Bank consumers #tweeted screenshots of the purchasing possibilities on Twitter earlier today.
#Crypto 
https://t.co/2raMR0ew9W https://t.co/EmxUBw4TFK"
1521490110038122497,xrp_go589,2022-05-03 14:01:24+00:00,"@SethDillon HOW ABOUT THIS IS THE REAL NEWS WE NEED TO HEAR THAT ALWAYS COMES FROM â€œ XRP VALE â€œ â€”&gt; CHINA IS SUPPORTING THE IMF !!!!!
https://t.co/CQ2mvyaGDR #xrpusd MUST WATCH â€¼ï¸"
1521490105592070144,MrBTRBeast,2022-05-03 14:01:23+00:00,"If you don't like to trade #crypto and yet want the highest rewards possible, look no further. #BTR will be your choice.

#BTR #Bitrue #MassivePassive #YieldFarming #BTRVote #XRP #ADA #SOL https://t.co/YyUreh9Cgc"
1521490090253504514,xrp_go589,2022-05-03 14:01:20+00:00,"@EleanorTerrett @FoxBusiness â€œ XRP VALE â€œ â€”&gt; CHINA IS SUPPORTING THE IMF !!!!!
https://t.co/CQ2mvyaGDR #xrpusd MUST WATCH â€¼ï¸"
1521490037145223169,rete23142,2022-05-03 14:01:07+00:00,"We are recruiting long-term clients. 
If you want can exchange at twice the rate
Ex, if you give $100 worth of #bitcoin , you can exchange it for $110-120 worth of cryptocurrency or more.
telegram: @exc00
Grab a chance
#BTC #XRP #DASH #DOGE"
1521490020884004868,alt_singh,2022-05-03 14:01:03+00:00,"$XRP
Close Price 0.6179
DateTime 03/05/2022, 14:00:00 UTC

Buy Trigger: 0.5868
Buy Trigger DateTime: 01/05/2022, 06:00:00 UTC https://t.co/9lQDUUIwLR"
1521490008078950400,BhavyanshMewani,2022-05-03 14:01:00+00:00,@XRP_Avengers $XRP and $INR are going to boom the market super soon! ğŸš€
1521489990819237890,xrp_go589,2022-05-03 14:00:56+00:00,"@Tesla HOW ABOUT THIS IS THE REAL NEWS WE NEED TO HEAR THAT ALWAYS COMES FROM â€œ XRP VALE â€œ â€”&gt; CHINA IS SUPPORTING THE IMF !!!!!
https://t.co/CQ2mvyaGDR #xrpusd MUST WATCH â€¼ï¸"
1521489989820985349,iluvbitcoins,2022-05-03 14:00:56+00:00,"Part 1/2:

BTCMarkets
#BTC: $53906
#BCH: $406
#ETH: $3982
#LTC: $140
#XRP: $0.87

Coinspot
#BTC: $53900
#ETH: $3987
#LTC: $143
#XRP: $0.87

Cointree
#BTC: $53251
#BCH: $392
#ETH: $3865
#LTC: $136
#XRP: $0.84"
1521489986935209985,CroteauAaron,2022-05-03 14:00:55+00:00,@RippleXrpie @XRP_Avengers Ok @RippleXrpie - youâ€™ve captured my curiosity. Whatâ€™s the basic premise of the service youâ€™re offering?
1521489968107081731,xrp_go589,2022-05-03 14:00:50+00:00,"@LayahHeilpern HOW ABOUT THIS IS THE REAL NEWS WE NEED TO HEAR THAT ALWAYS COMES FROM â€œ XRP VALE â€œ â€”&gt; CHINA IS SUPPORTING THE IMF !!!!!
https://t.co/CQ2mvyaGDR #xrpusd MUST WATCH â€¼ï¸"
1521489952776900610,topstonks,2022-05-03 14:00:47+00:00,"$XRP working its way into the top 10 most mentioned on 4chan over the last 24 hoursVia https://t.co/45jeEZLXvS#xrp    #4chan  #blockchain https://t.co/GyhHFJ1spq"
1521489950088310787,xrp_go589,2022-05-03 14:00:46+00:00,"@XRP_Productions HOW ABOUT THIS IS THE REAL NEWS WE NEED TO HEAR THAT ALWAYS COMES FROM â€œ XRP VALE â€œ â€”&gt; CHINA IS SUPPORTING THE IMF !!!!!
https://t.co/CQ2mvyaGDR #xrpusd MUST WATCH â€¼ï¸"
1521489946749673474,SlothTradingBot,2022-05-03 14:00:45+00:00,"ğŸ””Price updates for different #crypto assets that get price predictions on ğŸ¦¥SlothTrading:

#ETH: $2,832.97
#DOT: $14.96
#SOL: $87.42
#LUNA: $83.62
#XRP: $0.6169
#AVAX: $60.75
#ALGO: $0.6842
#ATOM: $18.51
#ETC: $27.43

ğŸ’¥New predictions every hour"
1521489945067728898,Sugar_Daddy_XRP,2022-05-03 14:00:45+00:00,@caitoz the agitprop machine is owned by state sponsored conglomerates
1521489918765465601,CliffMann12,2022-05-03 14:00:39+00:00,"@XRP4UandMe @CoreumOfficial @realSologenic Man I donâ€™t know why you missed out, but i followed the steps they issued (had my XRP and solo on Xumm and then set the trustline for core when requested) and Iâ€™ve had no dramas and have received all relevant drops to date"
1521489892047478789,xrp_go589,2022-05-03 14:00:32+00:00,@Bitboy_Crypto And XRP VALE the guy you STEAL FROM  has MILLIONS of XRP
1521489876151119873,topcryptostats,2022-05-03 14:00:29+00:00,"XRP - XRP
Price: $0.62
Change in 1h: -0.31912433%
Market cap: $29,667,803,280.63
Ranking: 6
#XRP #XRP"
1521489808887005185,ValorCriptoBot,2022-05-03 14:00:13+00:00,"$BTC 38374 ; -1.39%
$ETH 2835.1 ; +0.20%
$BNB 386.4 ; -0.74%
$SOL 87.53 ; -0.42%
$ADA 0.791 ; +1.31%
$XRP 0.617 ; +0.63%
$LUNA 83.62 ; -0.94%
$DOT 14.98 ; +0.20%
$DOGE 0.13 ; -0.38%
$MATIC 1.097 ; +1.48%
$SHIB 0.000020 ; -0.95%
$AVAX 60.8 ; +4.64%
$SAND 2.2 ; +4.65%"
1521489794932658176,UnumCapital,2022-05-03 14:00:09+00:00,"â¬‡ Bitcoin  $38338.27 (-0.44%)
â¬‡ Etherium  $2830.35 (-0.90%)
â¬‡ Binance Coin  $386.10 (-0.87%)
â¬‡ Solana  $87.38 (-0.06%)
â¬† XRP  $0.6163 (0.33%)
â¬† HODL Index ETN  CHF12.916 (21.87%)
#UnumCapital  #trading  #Crypto

Unum Capital (FSP564) disclaimer https://t.co/jIBa8eSDWi https://t.co/3EkpSbc95N"
1521489794249166850,turkslhj,2022-05-03 14:00:09+00:00,"@skipper_xrp @wixx_kerbie @hungrylions2 HDOL to the moon

@nerietu
@RandySioson
@MarkaronLara1
@nkparas13
@Karina121326"
1521489784069410817,MidasBotCrypto,2022-05-03 14:00:07+00:00,"The Midas Bot is all in $XRP [14:00 03 May 2022 UTC]"
1521489778495086600,cryptojohnsmith,2022-05-03 14:00:05+00:00,"Predictions in progress
[Pos] Current Profit
#BTC[Short]  +3.7
#ETH   [Long ] -3.5
#ADA  [Long ]+28.0
#SOL   [Long ] -6.0
#XRP   [Long ] -4.0
#BNB[Long ] +4.5
#LUNA [Long ]-19.2
#DOGE [Long ]-20.0
#AVAX [Long ]+15.3

#Binance
https://t.co/hlcM7LBE8f https://t.co/IFpKkTIvwJ"
1521489777752776712,cryptosUSD,2022-05-03 14:00:05+00:00,"ğŸ”„ Prices update in $USD | Last 1 hour

$XRP ğŸ”´: 0.62 $    (-0.31 %)
$SOL ğŸ”´: 87.51 $   (-0.39 %)
$DOGE ğŸ”´: 0.13 $    (-0.31 %)
$DOT ğŸ”´: 14.98 $   (-0.4 %)"
1521489774850281476,acoindetective,2022-05-03 14:00:04+00:00,Technical indicators of top 10 coins $ADA $LUNA $SOL $XRP $USDC $HEX $BNB $USDT $ETH $BTC https://t.co/EX3LOkmSb2
1521489772706938882,CryptoTracker__,2022-05-03 14:00:04+00:00,"Most Popular:
1 Bitcoin/ $BTC | 37.3%
2 Ethereum/ $ETH | 35.51%
3 BNB/ $BNB | 10.02%
4 Solana/ $SOL | 6.89%
5 XRP/ $XRP | 3.35%

Gaining Popularity:
1 Ethereum/ $ETH +6.98% tweets
2 Bitcoin/ $BTC +1.67% tweets
3 Solana/ $SOL +9.44% tweets"
1521489756248588292,xrpoggers,2022-05-03 14:00:00+00:00,"Our Minecraft plots are being filled up with #XRP LEGENDS! 

Showcase with us! ğŸ‘‡ğŸ‘€
Be part of #XRPL history!

@realSologenic @CoreumOfficial @XRPL_XUM @ShibaNFTXRPL @xspectar @CasinoCoin @Equilibrium_G @TheReaperCoin @xrpl_xtreme @StaykX_ 

#XRPARMY #XRPCommunity https://t.co/oBvpHvlQVM"
1521489748543651844,PerpeMaison,2022-05-03 13:59:58+00:00,"GEAR UP FOR #METAWARS!! Xeriously Opulent Pandas is dropping as we speak! Get your PetNFTs and fight for the championship! Only 28XRP!

Link to XOP: https://t.co/XnEoCRq7pN

#NFT #NFTs #NFTartist #NFTresearch #NFTCommunity $Solo $XRP"
1521489747344044033,xrp_go589,2022-05-03 13:59:58+00:00,"@getdelta HOW ABOUT THIS IS THE REAL NEWS WE NEED TO HEAR THAT ALWAYS COMES FROM â€œ XRP VALE â€œ â€”&gt; CHINA IS SUPPORTING THE IMF !!!!!
https://t.co/CQ2mvyaGDR #xrpusd MUST WATCH â€¼ï¸"
1521489729342029824,XRP_CryptoBeast,2022-05-03 13:59:54+00:00,@GreenkingFamily @MHiesboeck @UpholdInc @CasinoCoin Lesss goooo remeber it being a pic of something in the sky ğŸ˜‚ğŸ¤£ğŸ˜‚ I forget I could be wrongğŸ˜‚ğŸ˜‚ Aloha Kakahiaka by they Bro.ğŸ¤™ğŸ¾ğŸ¤™ğŸ¾
1521489645330120705,xrp_go589,2022-05-03 13:59:34+00:00,"@UniverseTwenty @bgarlinghouse @CGasparino HOW ABOUT THIS IS THE REAL NEWS WE NEED TO HEAR THAT ALWAYS COMES FROM â€œ XRP VALE â€œ â€”&gt; CHINA IS SUPPORTING THE IMF !!!!!
https://t.co/CQ2mvyaGDR #xrpusd MUST WATCH â€¼ï¸"
1521489631669366787,Philyw46,2022-05-03 13:59:30+00:00,"Understand the utility, if there is real utility and there is real valve being delivered to a real customer, there will be value in the token.

Boom... XRP... ğŸš€ğŸš€ğŸš€"
1521489587947950088,Nico02061981,2022-05-03 13:59:20+00:00,@LordVXrp Yes but not the XRPâ€™s price! So what can make pump XRPâ€™s price?!
1521489569207791682,Alyson06355691,2022-05-03 13:59:15+00:00,"Bitcoin And Crypto Now Braced For A $9 Trillion Fed Earthquake As The Price Of Ethereum, BNB, Solana, Cardano, XRP, Terraâ€™s Luna And Avalanche Crater https://t.co/OGjbKi2phq"
1521489553932140552,MEGAMANXRP,2022-05-03 13:59:12+00:00,"@PurpleShortFish Even with debit card? I know they have a hold on bank transfers, but its the only place i can buy XRP directly and send it off the exchange in seconds vs buying ETH or BTC with simplex"
1521489553915326467,xrp_go589,2022-05-03 13:59:12+00:00,"@XRPisKey589 @GaryGensler HOW ABOUT THIS IS THE REAL NEWS WE NEED TO HEAR THAT ALWAYS COMES FROM â€œ XRP VALE â€œ â€”&gt; CHINA IS SUPPORTING THE IMF !!!!!
https://t.co/CQ2mvyaGDR #xrpusd MUST WATCH â€¼ï¸"
1521489552103415815,QuantNetworkDev,2022-05-03 13:59:11+00:00,"@RobertJSalvador @LindaPJones 100B XRP total can ever be created. 

Your sales comparison is no different then miners dumping Bitcoin each and every day. If anything, miners dump a ton more then Ripple or anyone else combined."
1521489529689018370,xrp_go589,2022-05-03 13:59:06+00:00,"@Mel_Senechal HOW ABOUT THIS IS THE REAL NEWS WE NEED TO HEAR THAT ALWAYS COMES FROM â€œ XRP VALE â€œ â€”&gt; CHINA IS SUPPORTING THE IMF !!!!!
https://t.co/CQ2mvyaGDR #xrpusd MUST WATCH â€¼ï¸"
1521489525574410241,decom_ch,2022-05-03 13:59:05+00:00,"ğŸ“…Market Cap of today: 03/05/2022
Follow our weekly updates every monday.
For more info, visit: https://t.co/2f9Xvro5g1

#Decom #Cryptocurrency #blockchain #Bitcoin #ADA #Ethereum #Binance #Dogecoin #Cardano #Solana #BTC #ETH #XRP https://t.co/2SrYgzeUDF"
