id,handle,created_at,text
1565210328748773376,BuyCryptoAI,2022-09-01 05:29:57+00:00,"Final performance 31.08.2022
AI Model 25B/25SL/T3

UNI (Short): +3,44%
QNT (Short): +2,81%
IOTA (Short): +5,13%
Daily performance: +3,8%

Market: -1.63%
Alpha: +5.43%
Overperform 

Subscribe for daily trading tips
Entertainment only
#bitcoin #BTC #ETH #Crypto #trading"
1565210292170022912,TheRealDanWelby,2022-09-01 05:29:48+00:00,"I think Libertarianism and Bitcoin are two of the greatest things as we head into this uncertain future.

But man, both groups really enjoy attacking and destroying their peers within for seemingly irrelevant differences compared to the greatest threat we all face. 

The State."
1565210280069677056,CardanoTracker,2022-09-01 05:29:45+00:00,"Current #Cardano price Alert: 

#ADA $0.45 USD
#Bitcoin 2.2362804196255968e-05 BTC
#Ethereum 0.0002883524820740874 ETH

Follow for recent Cardano price updates
#altcoin #crypto #cryptocurrency"
1565210262394773505,MrCristian1993,2022-09-01 05:29:41+00:00,"Buy Tlchain to https://t.co/o1gytZauD6 
‚ÄºÔ∏è‚ÄºÔ∏è #tlchainnetwork ‚ÄºÔ∏è‚ÄºÔ∏è
#money #startup #bitcoin #investment #wealth #trading #crypto #market #invest #investing #cash #financialfreedom #boom #blockchain #investor #btc #trader #stocks #makemoney #stockmarket #binaryoptions
 #makemoneyon https://t.co/P9hW1v1D3y"
1565210237740535808,BNB_Tracker,2022-09-01 05:29:35+00:00,"#BinanceCoin price update: $BNB

#BNB $279.06 USD

#Bitcoin 0.01387 BTC

#Ethereum 0.17882 ETH

#altcoin #crypto #cryptocurrency

Follow for recent BNB price updates"
1565210221915635713,CocoChen123456,2022-09-01 05:29:31+00:00,"@Bella0685123 Are you also in the bitcoin mining business?

Our company mainly supply variety of ASIC / GPU bitcoin and cryptocurrency miners, mining equipment, relevant parts like graphics card and SSD etc. 

Maybe we can try to cooperate and achieve a win-win„ÄÇ
Whatsapp: +86 17825541578"
1565210216932802560,EconSnapped,2022-09-01 05:29:30+00:00,"üí∞ #SP500    3,955.00 üìâ -0.78%
üöú #DJIA    31,510.43 üìâ -0.88%
‚åõ 10 Yr T    3.20 üìà 2.73%
üíµ USD/EUR    1.00 üìà 0.30%
ü•á #Gold    1,715.30 üìâ -1.22%
üõ¢ #CrudeOil    89.10 üìâ -3.81%
üí∏ #Bitcoin    20,124.40 üìâ -1.16%"
1565210198117163011,ChainSnake,2022-09-01 05:29:26+00:00,https://t.co/yvMTjSCWvi register on #binance and earn with me #cryptocurrency  #bitcoin #metaverse #defichain #nft #polkadot #solana #ethereum #vechain #cardano $btc $eth $dfi $sol $ada $bnb $vet $doge (7:29)
1565210189212504065,AdyoneC,2022-09-01 05:29:23+00:00,"Get the URL structure right. Having a well-structured URL is important for both SEO and user experience
Developing a Campaign or Content-Specific SEO
Optimum Keyword Research
Video Optimization
Creating a Video Sitemap
Improving Your Website's Speed
#entrepreneur #eth #bitcoin https://t.co/eWpWaxvJH1"
1565210187517943808,Urmi1314,2022-09-01 05:29:23+00:00,"@tdoxfinanceThis project is a very good quality project.The team and group in this project are very strong.
#TDOXFinance #TDOX #TDOX #blockchain #cryptocurrency #technology #bitcoin #money #crypto #Binance #BNB #cryptocurrencies #fintech and mention 
@tdoxfinance"
1565210182757785600,Manu8_k,2022-09-01 05:29:22+00:00,"Bitcoin Rainbow Price Chart

üî∏ If it maintains the momentum from the last few years, BTC  would be in the bottom zone technically. https://t.co/PaF5VErV99"
1565210181818015744,cryptomagnat_de,2022-09-01 05:29:22+00:00,JUNE CRASH!! BUY #BITCOIN¬†NOW?? https://t.co/ML2FVoUmXC
1565210171873247232,Unicoin5,2022-09-01 05:29:19+00:00,"Become an effective trader with us.
visit @ https://t.co/DwMhIGFpis
#Unicoindcx #uniq  #cryptocurrency #exchange #bitcoin #BTC #ethereum #bitcoincash #litecoin #blockchaintechnology #blockchainsolutions #cryptoexchange #crypto #cryptotrading #blockchain  #money #cryptonews https://t.co/7O0w8GWNrY"
1565210165757894656,0xCPanda,2022-09-01 05:29:18+00:00,"#Bitcoin¬†Merge taking place same day on 15 Sept, Mt Gox coins will reunite with main chain üòÇ

#BTC¬† #ETH #Ethereum #merge #15sept #crypto #cryptocurrency #AVAX¬† #Avalanche¬† #Solana #ada #Cardano https://t.co/Yuq2cbUC7b"
1565210162067013632,bmurphypointman,2022-09-01 05:29:17+00:00,#giftidea #linkedin #twitter #facebook #instagram #tiktok #socialmedia #pinterest #medium #reddit #gift #gifts #giftideas #shop #shopping #affiliatemarketing #bitcoin Shop #flowers &amp; #gifts https://t.co/qURgKjB1C8
1565210158925598725,MrCristian1993,2022-09-01 05:29:16+00:00,"Buy Tlchain to https://t.co/o1gytZauD6 
‚ÄºÔ∏è‚ÄºÔ∏è #tlchainnetwork ‚ÄºÔ∏è‚ÄºÔ∏è
#money #startup #bitcoin #investment #wealth #trading #crypto #market #invest #investing #cash #financialfreedom #boom #blockchain #investor #btc #trader #stocks #makemoney #stockmarket #binaryoptions
 #makemoneyon https://t.co/X64dqQ7qK6"
1565210149568249859,EricHic24833648,2022-09-01 05:29:14+00:00,"üí∏ $100 üí∏ $USDT Giveaway üí∞üí∞( 2 winners ) To win:üëâüèº Follow, ‚ù§ &amp;amp; Retweet 48hrs ‚è≥‚è≥#Giveaway #Giveaways #Bitcoin #BTC‚ÄØ#ETH‚Ä¶"
1565210133247827968,BtcNitrobetting,2022-09-01 05:29:10+00:00,"#NFL #Bitcoin Picks Super Jackpot 400 mBTC($8.2K) contest! üèàüí∞ 

üëâOnly 12 of 12 PERFECT PICKS wins jackpot 
üëâMax of 100 entries per player
üëâIf prize not hit, jackpot will increase next week

JOIN NOW: https://t.co/bGCNrf2Orw https://t.co/ySloDOkrzO"
1565210129158602752,AntoniaNixon19,2022-09-01 05:29:09+00:00,#BITCOIN A HUGE BULL RUN STARTS.The maximum depth between #BTC and its Daily SMA 200 has been reached. https://t.co/mD6p7ULA4R‚Ä¶
1565210120946057216,20_21_24,2022-09-01 05:29:07+00:00,"I am claiming my free Lightning sats from @_bitcoiner's zesty faucet! ‚ö°

@boltcoiner unlock me 8d96889c-0589-466a-a454-73de98551135

#Bitcoin #BTC #LN #LightningNetwork #boltcoiner
https://t.co/ZWXImGUh9B"
1565210105993261056,nadcabsoftware,2022-09-01 05:29:04+00:00,"Key Features of Smart Contract.
For more info Visit our website:- https://t.co/TadsRRehgw
#smartcontracts #blockchain #bitcoin #ethereum #cryptocurrency #crypto #decentralized #blockchaintechnology #btc #cryptocurrencies #technology #eth #smartcontract #cryptonews #trading #dapps https://t.co/oICbLF7a8E"
1565210100561854464,0xEthereumYoda,2022-09-01 05:29:02+00:00,"#Ethereum price update: 

#ETH $1560.59 USD
#Bitcoin 0.07755370800141133 #BTC

Follow for recent ETH price updates
#altcoin, #cryptocurrency, #crypto"
1565210096744923137,paddepadde,2022-09-01 05:29:01+00:00,"@RomanReher Instant komplett in #Sats stacken!

#Bitcoin fixes this!

https://t.co/fsYufFxoyW https://t.co/KsZpaZVLHx"
1565210078487117825,bitcoin_badger_,2022-09-01 05:28:57+00:00,"@DylanLeClair_ I didn't watch it yet, but did he somehow end up blaming China for all this?

China lives rent free in Kyle's head lol"
1565210061059657728,Zerpillion,2022-09-01 05:28:53+00:00,"@GaryGensler Yo Gary,
remember ""Genslooor da regulatooor""?

Here is a new one:
""Saylooooor da tax evadoooor""

@saylor 
#Bitcoin 
#maxi
#CORRUPTION https://t.co/H4ZVdH1d2D"
1565210049059860482,GetBitDotMoney,2022-09-01 05:28:50+00:00,"Tag that friend who can't stop talking about #Bitcoin üíØ
.
#memesdaily #MEMES #memes2022 #bitcoinmining #bitcoinnews #Crypto #cryptocurrencies https://t.co/RpzoX0QQas"
1565210038024966146,sweetburgercom,2022-09-01 05:28:47+00:00,"#bitcoin Block #752101 : 1467553 bytes, 2262 transactions, 6.3993186BTC($128,808) reward
            
For more information, visit https://t.co/Rv9nKyYDaB"
1565210025181810689,CardanoTracker,2022-09-01 05:28:44+00:00,"Current #Cardano price Alert: 

#ADA $0.451286 USD
#Bitcoin 2.244e-05 BTC
#Ethereum 0.00028929 ETH

Follow for recent Cardano price updates
#altcoin #crypto #cryptocurrency"
1565210022950232064,sabbir00333,2022-09-01 05:28:44+00:00,"Take a coffee break and grab a cup of Joe! It's time to challenge yourself about all the coffee stuff you know. You will be amazed by these fun facts and coffee trivia on this quiz.
https://t.co/UtdbSdn3hy
#Video #business #USA #quiz #Trending #bb24 #Bitcoin https://t.co/AWjeszJM2B https://t.co/EmJzAufZKK"
1565210016566726656,LivePriceCrypto,2022-09-01 05:28:42+00:00,"#Bitcoin Last Price $20133 #BTC üöÄ
Weekly Indicators:
‚Ä¢Pivot Fibonacci:
 -Support 1: 32076
 -S2: 22276
 -S3: 6412
 -Middle: 47940
 -Resistance 1: 63804

#Ethereum Last Price $1563 #ETH
‚Ä¢Pivot:
 -S1: 1550
 -S2: 570
 -M: 3137
 -R1: 4724
 -R2: 5704

#Crypto #DeFi
(6/6)
228203"
1565210014796894208,Somrach51395766,2022-09-01 05:28:42+00:00,"Bitcoin Funding Rate Turns Deep Red, Short Squeeze Soon?  #bitcoin #funding #squeeze #soon #web3 #blockchain #Cryptonews  https://t.co/BsuW0tXto2"
1565210008593506304,PipSnipers,2022-09-01 05:28:40+00:00,@Coins_Kid As a professional analyst u should stop analyzing bitcoin as an independent asset from that if legacy markets‚Ä¶ misleading your followers with hopium
1565210001278472192,MrCristian1993,2022-09-01 05:28:39+00:00,"Buy Tlchain to https://t.co/o1gytZauD6 
‚ÄºÔ∏è‚ÄºÔ∏è #tlchainnetwork ‚ÄºÔ∏è‚ÄºÔ∏è
#money #startup #bitcoin #investment #wealth #trading #crypto #market #invest #investing #cash #financialfreedom #boom #blockchain #investor #btc #trader #stocks #makemoney #stockmarket #binaryoptions
 #makemoneyon https://t.co/9rC56MAbNe"
1565209991300145152,brunover_io,2022-09-01 05:28:36+00:00,"#Bitcoin is like a rebellion teenager right now, that‚Äôs why it goes up and down"
1565209981334454272,CocoChen123456,2022-09-01 05:28:34+00:00,"@DCentralTech Are you also in the bitcoin mining business?

Our company mainly supply variety of ASIC / GPU bitcoin and cryptocurrency miners, mining equipment, relevant parts like graphics card and SSD etc. 

Maybe we can try to cooperate and achieve a win-win„ÄÇ
Whatsapp: +86 17825541578"
1565209960245370880,Adambarr100,2022-09-01 05:28:29+00:00,"@Bitcoin__Banks With where ES and NQ are sitting it‚Äôs kinda pump here or bloodbath imo- I expected the latter end of September as there‚Äôs untested stops/liquidity to the upside, so flat for now üôè"
1565209940083363840,SanthalingamRe1,2022-09-01 05:28:24+00:00,get online help with @jobboycom pay #crypto #bitcoin
1565209918294073344,CovRaj,2022-09-01 05:28:19+00:00,The restriction reference period for the Mt. Gox Bitcoin payment process will start in¬†mid-September https://t.co/smqBSihxVr
1565209915685081091,moonineth,2022-09-01 05:28:18+00:00,@Bitcoin__Banks How do you see the amount of leverage?
1565209868654546945,AlienSnarky,2022-09-01 05:28:07+00:00,"I'm playing #lnbingo! This card is for draw 752102 (the next #bitcoin block to be mined). Learn how to play at @lnbingo.

https://t.co/dCeWvwLEad"
1565209852388855809,tictoknextblock,2022-09-01 05:28:03+00:00,"üü© Block 752101 ‚õè ‚õè

üìÖ 1st Sep 2022, 05:27:17 GMT

üì£ 2,262 tx with a value of 32,627.584 ‚Çø ($656.92m üá∫üá∏)

üì£ distributed to 6,835 recipients üíéüôå

üì£ 19,138,137.50 ‚Çø (91.13399%) mined ‚õè

üì£ 1,861,862.50 ‚Çø remaining üí∞

#bitcoin #tictoknextblock"
1565209846198276097,0xEthereumYoda,2022-09-01 05:28:02+00:00,"#Ethereum price update: 

#ETH $1559.89 USD
#Bitcoin 0.07755851 #BTC

Follow for recent ETH price updates
#altcoin, #cryptocurrency, #crypto"
1565209800316981249,ThePabloAvocado,2022-09-01 05:27:51+00:00,Why pay taxes when you can buy bitcoin üòÇ https://t.co/IAqrt12zY7
1565209789097218049,paulm955,2022-09-01 05:27:48+00:00,@BJusty1 No bear market when unit of account is bitcoin
1565209771891908608,CardanoTracker,2022-09-01 05:27:44+00:00,"Current #Cardano price Alert: 

#ADA $0.4509 USD
#Bitcoin 2.2395888176520725e-05 BTC
#Ethereum 0.0002885372205975517 ETH

Follow for recent Cardano price updates
#altcoin #crypto #cryptocurrency"
1565209763272708099,LivePriceCrypto,2022-09-01 05:27:42+00:00,"#Bitcoin Last Price $20129 #BTC üöÄ
Weekly Indicators:
‚Ä¢Variation since Monday 00h00(UTC): +2.92%
‚Ä¢MACD:
 -MACD Line: -5062
 -Signal Line: -5276

#Ethereum Last Price $1562 #ETH
‚Ä¢Variation: +9.48%
‚Ä¢MACD:
 -MACD Line: -324
 -Signal Line: -380

#Blockchain #Web3
(5/6)
228202"
1565209743274262528,WhaleTrades,2022-09-01 05:27:37+00:00,"üìàüí¥$1,146,578 #bitcoin LONGED @$20112.0 [01/09/22 05:27:37]
üè≠ bybit | $BTCUSD

üó£Ô∏èEverything is a lie. - MrVarga_"
1565209734990680064,ShiraLinnea14,2022-09-01 05:27:35+00:00,"Leverage the latest blockchain solution to businesses that effectively cater to your financial goals. Share your queries at https://t.co/B9wjztIIMK

#blockchain #Bitcoin #cryptocurrency #Crypto  #cryptotrading #DApp #Metaverse #MetaverseNFT  #CryptoWallet https://t.co/nMeULZojfX"
1565209734344773632,roccodallas,2022-09-01 05:27:35+00:00,#Markets #BitcoinNews #BitcoinPrice #BTCPrice Restriction Reference Period for Mt. Gox Bitcoin Repayment Process Will Start Mid-September https://t.co/1OUNvti6ZJ https://t.co/ySPz2SstkY
1565209731177877504,BNB_Tracker,2022-09-01 05:27:34+00:00,"#BinanceCoin price update: $BNB

#BNB $279.0 USD

#Bitcoin 0.01386 BTC

#Ethereum 0.17858 ETH

#altcoin #crypto #cryptocurrency

Follow for recent BNB price updates"
1565209717798043648,satsleft,2022-09-01 05:27:31+00:00,"üëã A new block was found on the #Bitcoin network. We're at block height 752101, current #bitcoin price is $20126.51 and there are 186183747690011 #sats left to mine."
1565209710566858752,yuzhu74223509,2022-09-01 05:27:29+00:00,"‚ÄòThey Will Be Higher Than Today‚Äô‚ÄîBlackrock Issues Bullish Crypto Prediction As Price Of Bitcoin, Ethereum, BNB, XRP, Terra‚Äôs Luna, Solana, Cardano, Dogecoin Turn Mixed . Rick Rieder of Blackrock thinks ""bitcoin and crypto are durable assets"", and in two to three year"
1565209691042496512,BuyCryptoAI,2022-09-01 05:27:25+00:00,"Final performance 31.08.2022
AI Model 25B/25SL/T3

SELL (short): UNI
Start: 6,31
End: 6,10
Win: True

SELL (short): QNT
Start: 98,70
End: 96,00
Win: True

SELL (short): IOTA
Start: 0,29
End: 0,28
Win: True

Daily performance: +3,8%

Entertainment only!
#bitcoin #trading #Cryptos"
1565209690270752769,Twinybots,2022-09-01 05:27:25+00:00,BITCOIN BULL MICHAEL SAYLOR STEPS DOWN AS CEO #BigData #bitcoin  https://t.co/t11pCDxvus
1565209675771121667,AlienSnarky,2022-09-01 05:27:21+00:00,"I'm playing #lnbingo! This card is for draw 752101 (the next #bitcoin block to be mined). Learn how to play at @lnbingo.

https://t.co/mxbak8pf8p"
1565209657261674497,Bitcoin__Banks,2022-09-01 05:27:17+00:00,Seeing pockets of weakness on $ETH in particular the amount of leverage being used to prop up the price but that can continue for longer than people think. $BTC paints a different picture though. Strong spot bid. Dips snatched up quickly. $BTC goes the market goes with it. https://t.co/nBwmbanCxI
1565209641239416833,XJEhTKlYq1,2022-09-01 05:27:13+00:00,"Top story: ‚ÄòThe Future Is Here‚Äô‚ÄîVisa, Mastercard And Binance Are Suddenly Making Bitcoin, Ethereum, XRP, Solana, Ca‚Ä¶ https://t.co/050sq3ilmZ"
1565209614890590208,0xIndia,2022-09-01 05:27:07+00:00,"üáÆüá≥ ‡§¨‡§ø‡§ü‡§ï‡•â‡§á‡§®(BTC) ‡§Ü‡§∞‡•ç‡§¨‡§ø‡§ü‡•ç‡§∞‡•á‡§ú ‡§∏‡§Ç‡§≠‡§æ‡§µ‡§®‡§æ ‚Äº
  ‚úÖBestAsk Exchange:Wazirx
  ‚¨áPrice (BUY): 1BTC = 1,691,000 INR
  ‚úÖBestBid Exchange:Coindcx
  ‚¨ÜPrice (SELL): 1BTC = 1,735,051 INR
 üí∞üí¥Trading Profitüí¥üí∞44,051 INR
#Bitcoin #BTC #India #BTCINR #Arbitrage"
1565209608905687040,4ourCryp2wo,2022-09-01 05:27:05+00:00,@EarlyMinter It¬†depends¬†on¬†how¬†many¬†people¬†favor¬†Ethereum¬†over¬†Bitcoin.
1565209601188188160,moudasi,2022-09-01 05:27:03+00:00,ü§ù Follow me on @betfury_gaming. Let's hunt for Bitcoins together! Get an exciting experience on #1 I-Gaming platform with #BTC staking payouts!üí∞.My Username: User27148  #betfurysuccess #bitcoin #staking
1565209595748007941,alsaai_eth,2022-09-01 05:27:02+00:00,"Gm fam üåá‚òïÔ∏è. #NFTCommumity 

It‚Äôs strange to see September 15 is Eth merge &amp; Mt Gox releasing 137k #Bitcoin that‚Äôs worth of $3 Billion"
1565209592514093057,0xEthereumYoda,2022-09-01 05:27:01+00:00,"#Ethereum price update: 

#ETH $1561.59 USD
#Bitcoin 0.07757267890239122 #BTC

Follow for recent ETH price updates
#altcoin, #cryptocurrency, #crypto"
1565209586050662401,danspena,2022-09-01 05:27:00+00:00,"Rising rents,gas+food prices push U.S. inflation,40-yr 8.6%,hi,CPI shows!
 DSP:TRANSITORY INFLATION MY ASS!U CAN‚ÄôT PRINT $7 TRILLION WORLD WIDE W/O MASSIVE INFLATION!AS I PREDICTED MID 2021-THE BLACK SWAN WAS CUMING+BITCOIN+THE STOCK MKT WUD PLUMMET!QLA WILL BE LAST MAN STANDING!"
1565209561803288576,sabbir00333,2022-09-01 05:26:54+00:00,"Coffee Quiz Trivia You Have To Know! ‚òïÔ∏è| Questions and answers
https://t.co/UtdbSdn3hy
#Video #business #bb24 #Bitcoin #funamuseart #USA #USAadmissions #Viral #Trending https://t.co/llNp3mSD38 https://t.co/XNPmAG1Qlj"
1565209541947580417,BaderJadoun,2022-09-01 05:26:49+00:00,"@Saitamaguru1 @ElonMansur @mannythehitman Dear Devs. Please get #saitama listed on #Binance üê∫üíéüî• 

@cz_binance @JeffBezos @elonmusk #SaitaPro #LUNAC #Crypto #cryptocurrency #BTC #Bitcoin #Flamengo"
1565209514756001796,CardanoTracker,2022-09-01 05:26:43+00:00,"Current #Cardano price Alert: 

#ADA $0.45 USD
#Bitcoin 2.2373133148481536e-05 BTC
#Ethereum 0.00028831183808407173 ETH

Follow for recent Cardano price updates
#altcoin #crypto #cryptocurrency"
1565209505893335040,jimolenbush,2022-09-01 05:26:41+00:00,@the_bitcoin_bum Congrats!!
1565209505692000261,BitcoinNepomuk,2022-09-01 05:26:41+00:00,"#Bitcoin
Bitcoin/USD: 20125 USD
Price Change (24H): -1.10012%
Last update: 01 Sep 07:26:40"
1565209502605283328,Wormz29,2022-09-01 05:26:40+00:00,"@CryptoTalkzInfo @BTC_proxy Regarding your token, I read that the main benefit of holding $PRXY is the ability to STAKE it to FARM #Bitcoin. Interesting I must say, so can you explain to us how to stake our $PRXY tokens? And are there other benefits besides Staking?

@CNRC1984 @ISAAHMAE @varshtrix"
1565209445109567491,sparksofcyrpto,2022-09-01 05:26:26+00:00,"He deleted his twebut agitation be aware of him , every single fay he has deference opinion as well as last few days he was saying #Bitcoin is going to 29k and he said whatever happened he would buy  and when market dump and his followers lose money he wrote that https://t.co/JVOAxGnAhG"
1565209394194907141,metaverseplane,2022-09-01 05:26:14+00:00,Whales and small investors #whales #Crypto #bitcoin https://t.co/ZkYhaOTuXi
1565209392865128448,BigoMexofficial,2022-09-01 05:26:14+00:00,"Bitcoin‚Äôs dominance fell below 40 percent for the second time since 2018 and is at an eight-month low, according to CoinMarketCap.
#BigoMex #btc #bitcoin #cryptocurrency #trade #Defi #ETH #Blockchain #TRX #XRP https://t.co/jJ46u7TnaZ"
1565209386674524160,bmurphypointman,2022-09-01 05:26:12+00:00,#linkedin #twitter #facebook #instagram #tiktok #socialmedia #pinterest #dogecoin #deal #gift #gifts #giftideas #shop #shopping #shoppingstar #affiliatemarketing #bitcoin #amazon #Onlineshopping #Amazon Today's Deals https://t.co/xD6AYWiwaO
1565209353925398528,BanPlasticWorld,2022-09-01 05:26:04+00:00,"@rovercrc There is honestly no better buying opportunity...

#Bitcoin¬† $BTC https://t.co/u03ztJegon"
1565209341770227715,AlertingCryptos,2022-09-01 05:26:01+00:00,"[ $BTC ] Bitcoin  
Restriction Reference Period for Mt. Gox Bitcoin Repayment Process Will Start Mid-September
 https://t.co/RmeP2R8ctb"
1565209338352119808,Wormz29,2022-09-01 05:26:01+00:00,"@CryptoTalkzInfo @BTC_proxy About your token, I read that the main benefit of holding $PRXY is the ability to STAKE it to FARM #Bitcoin. Interesting I must say, so can you explain to us how to stake our $PRXY tokens? And are there other benefits besides Staking?

@kimterbear @imwiiw27 @at_3nity"
1565209337500516354,0xEthereumYoda,2022-09-01 05:26:00+00:00,"#Ethereum price update: 

#ETH $1559.78 USD
#Bitcoin 0.07756313958212434 #BTC

Follow for recent ETH price updates
#altcoin, #cryptocurrency, #crypto"
1565209337458573312,Crypto_fadhel,2022-09-01 05:26:00+00:00,"How many transactions can @Bitcoin Process per second?
@elonmusk @cz_binance @nayibbukele #Bitcoin #BNB"
1565209332572119040,Abduldaholy1,2022-09-01 05:25:59+00:00,@TheCryptoLark For good trading stats  @bonsai_trade is the right choice for you making that better trading decisions ‚ö°Ô∏èthat matter #Crypto #ETH #Bitcoin https://t.co/feqIwoAkP5
1565209318005301248,LynAldenContact,2022-09-01 05:25:56+00:00,"@thetrocro @shad0w239 @matthew_pines @ODELL I expect bitcoin energy costs to be way lower than California's cost.

Possibly even near-zero or negative (subject to a complicated discussion on how to measure fungibility, considering how integrated they are with producers then).

I am thinking revenue-wise."
1565209303375814658,no_folds,2022-09-01 05:25:52+00:00,"If you're a bitcoin company your marketing dept needs applied psychology experts as well as applied praxeology experts

Otherwise it's off-brand

I also might know a guy üòé"
1565209267656867841,DustyPrince_,2022-09-01 05:25:44+00:00,@MDXcrypto #DXY down #Bitcoin up
1565209262946754562,Coins_Kid,2022-09-01 05:25:43+00:00,"September is historically a negative month for #bitcoin average -6% return. Will this time be any different?

To add to that there is apparently a release of the hacked mt gox bitcoins onto the market?

Rektember in full swing? Or should we go against the herd expectations?"
1565209259779948545,CardanoTracker,2022-09-01 05:25:42+00:00,"Current #Cardano price Alert: 

#ADA $0.450298 USD
#Bitcoin 2.239e-05 BTC
#Ethereum 0.00028862 ETH

Follow for recent Cardano price updates
#altcoin #crypto #cryptocurrency"
1565209258186121217,LivePriceCrypto,2022-09-01 05:25:41+00:00,"#Bitcoin Last Price $20118 #BTC üöÄ
Daily Indicators:
‚Ä¢Pivot Fibonacci:
 -Support 1: 19422
 -S2: 18080
 -S3: 15907
 -Middle: 21594
 -Resistance 1: 23767

#Ethereum Last Price $1561 #ETH
‚Ä¢Pivot:
 -S1: 1437
 -S2: 1293
 -S3: 1061
 -M: 1670
 -R1: 1902

#Crypto #DeFi
(3/6)
228200"
1565209235633410048,AlienSnarky,2022-09-01 05:25:36+00:00,"I am claiming my free Lightning sats from @_bitcoiner's zesty faucet! ‚ö°

@boltcoiner unlock me c81583d2-f5c7-44cc-afa6-525bd71bc768

#Bitcoin #BTC #LN #LightningNetwork #boltcoiner
https://t.co/xCvZfhlspA"
1565209223872512005,BNB_Tracker,2022-09-01 05:25:33+00:00,"#BinanceCoin price update: $BNB

#BNB $278.97 USD

#Bitcoin 0.01387 BTC

#Ethereum 0.17885 ETH

#altcoin #crypto #cryptocurrency

Follow for recent BNB price updates"
1565209200636084224,BitcoinFinally,2022-09-01 05:25:28+00:00,"This zesty faucet from @_bitcoiner is making me tweet this to claim my free Lightning sats. ‚ö°

@boltcoiner unlock me 253cb96f-b386-408b-b5b4-6d9b5eca7bac

#Bitcoin #BTC #LN #LightningNetwork #boltcoiner
https://t.co/iFkxDdBtHm"
1565209179979128832,CocoChen123456,2022-09-01 05:25:23+00:00,"@yjkjcoltd Are you also in the bitcoin mining business?

Our company mainly supply variety of ASIC / GPU bitcoin and cryptocurrency miners, mining equipment, relevant parts like graphics card and SSD etc. 

Maybe we can try to cooperate and achieve a win-win„ÄÇ
Whatsapp: +86 17825541578"
1565209178792157184,cscrignaro,2022-09-01 05:25:23+00:00,#Bitcoin is keeping me in the fence about where $spy and the market is headed. It's showing some surprising resilience here not confirming this daily bear flag or monthly bear flag yet. All one can do is wait and observe.
1565209174950252545,2279ds,2022-09-01 05:25:22+00:00,"@cburniske Are you saying people coming in with less bias and the advantages of hindsight like options other than bitcoin‚Ä¶. Makes sense, a lot of sense"
1565209163210555393,CommodityStory,2022-09-01 05:25:19+00:00,"FoolComAu has published "" Bitcoin price resilience ???could be a promising sign???: expert "" on 1/9/2022 #Crypto #IMF #Inflation 

https://t.co/c4OyXTx3oL

Make Better Trades With The Right Information https://t.co/cHsOWBS7a9"
1565209157430657024,BitcoinMagNL,2022-09-01 05:25:17+00:00,On-chain analist Root voorspelt bitcoin bodem van 16.300 dollar #bitcoin $BTC  https://t.co/B5rbF59Vln
1565209155547308032,incomebeetle,2022-09-01 05:25:17+00:00,Iranian Government Approves ‚ÄòComprehensive and Detailed‚Äô Crypto Regulations ‚Äì Regulation Bitcoin¬†News https://t.co/f0ncPR78x5
1565209136580759553,bmurphypointman,2022-09-01 05:25:12+00:00,#linkedin #twitter #facebook #instagram #tiktok #socialmedia #pinterest #dogecoin #deal #gift #gifts #giftideas #shop #shopping #shoppingstar #affiliatemarketing #bitcoin #amazon #Onlineshopping for Overstock Deals: Featured Stores at https://t.co/EjBqrch76j
1565209131719348225,SatoshisJournal,2022-09-01 05:25:11+00:00,"Can Bitcoin be Regulated? Listen to @maxkeiser's answer here
https://t.co/FQIZagmXnT"
1565209087993847808,whalesradar_com,2022-09-01 05:25:01+00:00,"#BEAMUSDT #BEAM 
Signal #2  

Last Signal: 154 mins ago 
Before: 0.16470000 
After: 0.17080000 üü¢(3.70%) 
Volume Chng: 67,456 USDT (8.30%) 

Daily  
Price Chng: (7.35%)üü¢ 
Volume: 325,939 USDT 

üöÄPRO ‚û°Ô∏è https://t.co/1EgdzYf2ot üê≥

#Crypto #Bitcoin #BTC #ETH"
1565209087993716737,delete75522330,2022-09-01 05:25:01+00:00,"DMG Blockchain Solutions Inc, Announces Launch of Terra Pool, the First Bitcoin Pool Focused on Carbon-Neutral Mining . VANCOUVER, British Columbia, June 22, 2022 (GLOBE NEWSWIRE) -- DMG Blockchain Solutions Inc, (TSX-V: DMGI) (OTCQB: DMGGF) (FSE: 6AX) (‚ÄúDMG‚Äù or the,"
1565209087906037760,DavidNo76343647,2022-09-01 05:25:01+00:00,"20 Minute Trader | Master Class
https://t.co/QOyRPXfj4J

#cryptocurrency #bitcoin #crypto #blockchain #ethereum #btc #forex #money #trading #investment #bitcoinmining #cryptotrading #cryptonews #investing #bitcoins #business #bitcoinnews #cryptocurrencies #forextrader #invest https://t.co/UlMdh7zH0n"
1565209086567714816,bitcoin_dom_bot,2022-09-01 05:25:01+00:00,"#Bitcoin dominates 38% of the $1T crypto market.

#BTC: $20,124 
#BCH: $115 
#BSV: $52"
1565209085108256768,Roman_Trading,2022-09-01 05:25:00+00:00,"Longed $BTC 20040. 

Seeing some divergence and bearishness on $DXY.

#bitcoin #cryptocurrency #cryptotrading https://t.co/HvLKOmQ0Jj"
1565209084500099073,SadiQ84402180,2022-09-01 05:25:00+00:00,"@ShibInform When exactly....?
I have seen Bitcoin is falling down everyday..."
1565209077839437826,0xEthereumYoda,2022-09-01 05:24:58+00:00,"#Ethereum price update: 

#ETH $1559.82 USD
#Bitcoin 0.07756098 #BTC

Follow for recent ETH price updates
#altcoin, #cryptocurrency, #crypto"
1565209077591982081,_ItsArnout_,2022-09-01 05:24:58+00:00,"I think September will be green!

#Bitcoin #XCAD"
1565209048391323649,Martin34248421,2022-09-01 05:24:51+00:00,The bounce gonna be epic $near #trading #Crypto #Bitcoin #NEAR #Binance #EthereumMerge https://t.co/U9agwsf5BG https://t.co/2kyZciHtnM
1565209020419678208,kalingaindunil,2022-09-01 05:24:45+00:00,@Jayecane Bitcoin
1565209011779424256,CryptoEliteNews,2022-09-01 05:24:43+00:00,"Michael Saylor &amp; MicroStrategy Sued By D.C. AG For Tax Fraud

Michael Saylor &amp; MicroStrategy Sued By D.C. AG For Tax Fraud
Authored by Shawn Amick via BitcoinMaga...

#tax #bitcoin #fraud #lawsuit

https://t.co/7mOxUQai9y"
1565209006410551296,CardanoTracker,2022-09-01 05:24:41+00:00,"Current #Cardano price Alert: 

#ADA $0.4513 USD
#Bitcoin 2.243271428386803e-05 BTC
#Ethereum 0.00028917438246884306 ETH

Follow for recent Cardano price updates
#altcoin #crypto #cryptocurrency"
1565209001998041088,indexer_pro,2022-09-01 05:24:40+00:00,"Cryptocurrency markets in red: Cardano, Polkadot, Shiba Inu down while Bitcoin, Polygon rise #binance #bnb https://t.co/dw95HXYxpf"
1565208996914642945,LivePriceCrypto,2022-09-01 05:24:39+00:00,"#Bitcoin Last Price $20113 #BTC üöÄ
Daily Indicators:
‚Ä¢Variation since 00h00(UTC): +0.3%
‚Ä¢MACD:
 -MACD Line: -805
 -Signal Line: -632

#Ethereum Last Price $1560 #ETH
‚Ä¢Variation: +0.39%
‚Ä¢MACD:
 -MACD Line: -41
 -Signal Line: -21

#Blockchain #Web3
(2/6)
228199"
1565208992938336258,reezerr,2022-09-01 05:24:38+00:00,"@chrishemsworth Hey thor do you have a bitcoin ? 

3PDL6CxSPsTaYopZSGR7yqvVEmZJwAZaav"
1565208987519385600,BanPlasticWorld,2022-09-01 05:24:37+00:00,"@TheAltcoinHub #Bitcoin¬† Dips:

2011- $35 to $2
2013- $220 to $70
2013- $1000 to $200
2017- $20,000 to $3,000
2022- $69,000 to $17,500

HODL üí© ü§≤"
1565208964341436417,alpine1300s,2022-09-01 05:24:31+00:00,Will Bitcoin fall to zero ? - #BTCUSD TradingView https://t.co/Ixujo990fg
1565208952601714690,XekriCorp,2022-09-01 05:24:29+00:00,"- Crypto Is 'An Investment in Nothing'.

Sorry boomer, you are going to bankrupt, because you can't understand Bitcoin. üòÜ

#cryptocurrency #cryptomarket #cryptonews #debtcrisis #devaluation #inflation #hyperinflation #unitedstates #europe"
1565208950500458498,XekriCorp,2022-09-01 05:24:28+00:00,"üî•üî•üî• Charlie Munger Predicted 'Considerable Trouble' For Markets: SPY Implications. üòÜ

The same financial parasite who said:

- If you offered me all the bitcoin in the world for $25, I wouldn't take it.

- Bitcoin is stupid 'cause it's very likely to go to zero'. https://t.co/RTr45XfLyv"
1565208898830831616,altcoinescu,2022-09-01 05:24:16+00:00,"gm, i thought i woke up and see #Bitcoin at $22,000, but this will not happen this month.."
1565208875141406722,bmurphypointman,2022-09-01 05:24:10+00:00,#linkedin #twitter #facebook #instagram #tiktok #socialmedia #pinterest #dogecoin #deal #gift #gifts #giftideas #shop #shopping #shoppingstar #affiliatemarketing #bitcoin Up to 15% off New Products from #Amazon #Brands https://t.co/rzTTICY6nX
1565208842325364737,jijinjohn,2022-09-01 05:24:02+00:00,@yeddy_bear Shall I compare thee to a bitcoin? Thou art a wiser investment.
1565208824541335552,0xEthereumYoda,2022-09-01 05:23:58+00:00,"#Ethereum price update: 

#ETH $1559.83 USD
#Bitcoin 0.07754881260325433 #BTC

Follow for recent ETH price updates
#altcoin, #cryptocurrency, #crypto"
1565208822725091328,Badguybtc,2022-09-01 05:23:58+00:00,"@juang_sol @kluza @SoundIsAForce @profit8lue You have that ass backwards. Market cap is the total amount of money invested in Bitcoin from everybody that holds it. You divide that number by the number of Bitcoin in circulation and that's what determines the price. 380B-4B=376B/19.1M=$19,685. That's not a 15-20% drop."
1565208819818532864,bartosz_durecki,2022-09-01 05:23:57+00:00,@OTC_Bitcoin They did it with the Indians.  They killed over 40 million bison in 4 years.  For the Indians to go to the reserves
1565208807952814082,BitB_Blockchain,2022-09-01 05:23:54+00:00,@saylor But I don't know what it is about you that you can't look at other projects that have solved #Bitcoin's flaws and support them. You don't have to stay in a bad marriage with #Bitcoin. You don't have to be married to any one single digital asset.
1565208803083276289,BrysonWarsap,2022-09-01 05:23:53+00:00,"GM üü£üîµ

Where will #BTC be by the end of today‚Ä¶ 

$21,000+ üëÄ

#Bitcoin"
1565208792211546112,AnaYarna,2022-09-01 05:23:50+00:00,"Hello, wordüòç I like my life‚ò∫Ô∏è

#Bitcoin #NFTs #BitcoinCash #nftart #NFTartworks https://t.co/TWQOUYbVzi"
1565208791028989952,notAgres,2022-09-01 05:23:50+00:00,"$SPX futures went below my 3950 line in the sand during after hours trading. If S&amp;P500 opens below 3950 expect a bloodbath. In that case #bitcoin and #crypto to follow down. I've given out plenty of warnings thus far.

GL. https://t.co/LgLXnrD8Dt"
1565208788541612033,MaxWilliam001,2022-09-01 05:23:50+00:00,Profit 4 archived on #NEARUSDT #Bitcoin #ETH #Ethereum #altcoin #alt #binance #binanceEs #binanceArg #binanceMena #trading #cryptocurrency #cryptoinvesting #cryptoPartnership #cryptodaytrading #crypto #Blockchain #BuildWeb3 #forex #SmartViewAi #shardian #CZBinance #ElonMusk https://t.co/23kbnIMfLj
1565208750868385794,CardanoTracker,2022-09-01 05:23:41+00:00,"Current #Cardano price Alert: 

#ADA $0.45 USD
#Bitcoin 2.2380310101576768e-05 BTC
#Ethereum 0.0002885151726923595 ETH

Follow for recent Cardano price updates
#altcoin #crypto #cryptocurrency"
1565208733520916480,cryptomarket78,2022-09-01 05:23:36+00:00,Mt Gox bitcoin coins will be released near the same day as the Ethereum merge üëÄ @WatcherGuru @WuBlockchain @BTC_Archive @Bitcoin
1565208717427195905,BNB_Tracker,2022-09-01 05:23:33+00:00,"#BinanceCoin price update: $BNB

#BNB $279.0 USD

#Bitcoin 0.01388 BTC

#Ethereum 0.17891 ETH

#altcoin #crypto #cryptocurrency

Follow for recent BNB price updates"
1565208712368640000,IearnBot,2022-09-01 05:23:31+00:00,The Global crypto market remained turbulent as it went down the crucial $1 trillion cap level to end the month of August. Biggest digital assets like Bitcoin (BTC) and Ethereum (ETH) went down by 13% and 6% respectively over the past month. https://t.co/deFOSknkBE
1565208684728401920,johnbelgravia,2022-09-01 05:23:25+00:00,"The macro environment looks horrid and we just closed the monthly with a discouraging candle, but if you want to grow your #bitcoin stack there are some moves you can make:

$ltc #litecoin and $xmr #monero look ready to move on the $btc pair

1/2"
1565208676872470528,DustyPrince_,2022-09-01 05:23:23+00:00,"@MDXcrypto I would ask the reason if sender want his #Bitcoin back then I'll send his all #Bitcoin 
Why??
Because honesty is the best policy üòá"
1565208666021953537,GeoffSokol,2022-09-01 05:23:20+00:00,@DylanLeClair_ Whispers inside Japan about using Bitcoin as part of deflationary monetary policy are getting louder.
1565208658723704832,LeoMorozovskii,2022-09-01 05:23:19+00:00,"@HowardtayHoward @xcsler @RealKeithWeiner Bitcoin has been banned in China, but ....oh https://t.co/91fbCOHMR2"
1565208644907589633,shamasdepot,2022-09-01 05:23:15+00:00,@Surfingstarseed Buy first when bitcoin is under 10.000.
1565208643246493696,EinvestmentCom,2022-09-01 05:23:15+00:00,Cryptocurrency company accidentally transfers $10.5m to Australian woman and doesn‚Äôt notice for seven months #crypto #bitcoin #btc #ethereum #blockchain #cryptocurrency https://t.co/foV98boHie https://t.co/J3BEPdYozv
1565208639195185153,dexteruzumaki1,2022-09-01 05:23:14+00:00,"@Bitgertcrusader nothing is imposible , even bitcoin once hit 3zeros.sitback,relax and bocome a brise believer"
1565208638897242112,ColbyNoe,2022-09-01 05:23:14+00:00,"a lot of people down bad these days

more important than ever to stay focused #Bitcoin"
1565208604029857793,ElpapaDindiesta,2022-09-01 05:23:06+00:00,@MatthewHyland_ Warra bitcoin pretty sure it breaks uptrend
1565208594508910593,VicThor2013,2022-09-01 05:23:03+00:00,@adam3us Personally I prefer my #Bitcoin socks paid with sats. Cheaper and useful üòâ https://t.co/fOt5cYq9xg
1565208582089572352,lolo_streams,2022-09-01 05:23:00+00:00,@the_bitcoin_bum Ayyyyyy congratulations! Do we get to meet her at the next conference??
1565208573076033536,TomHyped,2022-09-01 05:22:58+00:00,"How will China housing crash impact #Bitcoin?
As the housing market become less 
lucrative for investors, they will leave this market in search for an alternative. The US equity market is not accessible to all, so the next best bet is #BTC"
1565208570009997312,0xEthereumYoda,2022-09-01 05:22:57+00:00,"#Ethereum price update: 

#ETH $1559.71 USD
#Bitcoin 0.07757065215228956 #BTC

Follow for recent ETH price updates
#altcoin, #cryptocurrency, #crypto"
1565208561961115649,BeatsOrelli,2022-09-01 05:22:55+00:00,"@MasculineRetain unvaxxed sperm and blood is the new bitcoin. ""They "" may hunt us in the future though"
1565208554642055168,crypt0bul,2022-09-01 05:22:54+00:00,"#Bitcoin hanging, bulls fcuked if it breaks down the support line. Eventually it will break down (how many days is the question?) ‚Ä¶ $btc $eth $lyxe $pyr $vra https://t.co/seP7JPikhj"
1565208529006481410,asia_bitcoin,2022-09-01 05:22:48+00:00,Reduced my bitcoin position to lock in house down payment. #bitcoin https://t.co/HwjTbzgVNb
1565208526212956160,asia_bitcoin,2022-09-01 05:22:47+00:00,"Daily Discussion, September 01, 2022 #bitcoin https://t.co/J4HNWg8t6i"
1565208511767773184,DaEffingLaw,2022-09-01 05:22:44+00:00,"TheEffingLaw found #bitcoin in a User vault at this location! Join me playing #coinhuntworld, It's awesome! https://t.co/Hg1pSSi66O #cryptocurrency #87220 https://t.co/oOiSF5GL8c"
1565208496181755904,CardanoTracker,2022-09-01 05:22:40+00:00,"Current #Cardano price Alert: 

#ADA $0.450302 USD
#Bitcoin 2.239e-05 BTC
#Ethereum 0.00028858 ETH

Follow for recent Cardano price updates
#altcoin #crypto #cryptocurrency"
1565208493732540416,cryptoaussie007,2022-09-01 05:22:39+00:00,@Bitcoin__Banks Not much of an idealist these days but ideal scenario would be an aggressive sell off with equities to run the 3900 lows (we are so close) then send it for a week for the merge then dump it all lol. But market isn't always so obvious sadly.
1565208492167798784,LivePriceCrypto,2022-09-01 05:22:39+00:00,"#Bitcoin Last Price $20104 #BTC üöÄ
Weekly Indicators:
‚Ä¢Pivot Fibonacci:
 -Support 1: 32076
 -S2: 22276
 -S3: 6412
 -Middle: 47940
 -Resistance 1: 63804

#Ethereum Last Price $1560 #ETH
‚Ä¢Pivot:
 -S1: 1550
 -S2: 570
 -M: 3137
 -R1: 4724
 -R2: 5704

#Crypto #DeFi
(6/6)
228197"
1565208484328706053,vainius,2022-09-01 05:22:37+00:00,"@zerohedge In this type of condition (as per his story) GOLD will go down by a lot no doubt. So if you buying this story, just save dollars and wait. And for the regular people in my opinion better to buy some Bitcoin rather when Gold, after the ""super collapse""."
1565208484076929024,roussermcbouser,2022-09-01 05:22:37+00:00,@adam3us Lmao a Bitcoin astronomia. Smart of Jacob to make this to capitalize on the young crypto millionaires
1565208470995058690,Asfandy89903884,2022-09-01 05:22:34+00:00,"For more clicks: https://t.co/VJJgsDZp26

#womenintech #Python #Patagonia #Logo #photoshop #GraphicDesigner #NFFC #NFTs #Bitcoin #COVID19 #FiverrGig #fiverrbuyers https://t.co/jxeE4BOYez"
1565208451537547264,IearnBot,2022-09-01 05:22:29+00:00,"Bitcoin Maximalist Michael Saylor Sued For Tax Fraud
Bitcoin supporter Michael Saylor was on Wednesday sued for alleged tax fraud in Washington DC. Attorney General for Washington DC, Karl Racine said the billionaire never paid any income taxes in the city. https://t.co/wNRbsIGruM"
1565208450803544065,25BagsYo,2022-09-01 05:22:29+00:00,Wtf even is this 4hr chart for #Bitcoin üòÇüòÇ https://t.co/GeNOTaiEu2
1565208446009364480,meiling13316644,2022-09-01 05:22:28+00:00,"DMG Blockchain Solutions Inc. Announces Launch of Terra Pool, the First Bitcoin Pool Focused on Carbon-Neutral Mining . VANCOUVER, British Columbia, June 22, 2022 (GLOBE NEWSWIRE) -- DMG Blockchain Solutions Inc. (TSX-V: DMGI) (OTCQB: DMGGF) (FSE: 6AX) (‚ÄúDMG‚Äù or the."
1565208417870159872,Nsuhtuebbd,2022-09-01 05:22:21+00:00,@girls_bitcoin Buy bitcoin instead lol
1565208416158527490,CryptxXnly,2022-09-01 05:22:21+00:00,"Oh hell yeah! LOL
https://t.co/Q1YuLVdOux"
1565208383179079680,darkcholate12,2022-09-01 05:22:13+00:00,earn #crypto doing a few minutes jobs with @jobboycom #litecoin #bitcoin
1565208370969182208,megatove,2022-09-01 05:22:10+00:00,@0xfoobar Totally agree. There‚Äôs so much wrapped bitcoin on other chains because bitcoiners want defi and in general do more with their bitcoin than just hodl or lockup in lightning channels.
1565208360269631490,Asani_Jahbarri,2022-09-01 05:22:07+00:00,"@Choi_bitcoin @HCLPokerShow @nikairball @GmanPoker I was thinking who let this aloud to happen , dude was hella obnoxious. Spewing profanity that i dont care for but you cant speak to regular people like that. It will make them feel uncomfortable, hence your comment . üò≠üò≠"
1565208348517142530,novaera_bitcoin,2022-09-01 05:22:05+00:00,"@btc2037 Men tend to risk more and invest in short period of time, women risk less and invest for medium or a long period of time. So that's why there's so much shit coins?!"
1565208323158413315,Armadonvision,2022-09-01 05:21:59+00:00,"Queen Elizabeth Taylor NFT from the Pop Icons collection now is available only on https://t.co/I6FUfwbjRw link below üëá
https://t.co/DfsjTmojPZ #NFTs #nftcollector #nftart #art #digitalart #ETH #Bitcoin #Etherum #Crypto #popculture #pop https://t.co/oGAVfSkuOQ"
1565208315633827841,0xEthereumYoda,2022-09-01 05:21:57+00:00,"#Ethereum price update: 

#ETH $1560.4 USD
#Bitcoin 0.07758045 #BTC

Follow for recent ETH price updates
#altcoin, #cryptocurrency, #crypto"
1565208300551118848,21Bitcoiner21,2022-09-01 05:21:53+00:00,@BitcoinMagazine @nayibbukele #ElSalvador will be among the most #wealthy #countries in the #world thanks to #Bitcoin
1565208284591640576,Green1Jude,2022-09-01 05:21:49+00:00,#bitcoin under $20K again and I just don‚Äôt care one bit.
1565208258142674946,CouncilmannJamm,2022-09-01 05:21:43+00:00,@adam3us Stay humble (not wear an expensive bitcoin watch) and stack them sats!
1565208249921593344,TheoRight1,2022-09-01 05:21:41+00:00,@business As I always stated ::: Individuals dont OWN Their Crypto Wallets. It is easy for Monster Hackers to Break-in to them and Empty them. Wonder if most...individuals actually have @bitcoin ?? Maybe its just a select Few Monsters Churning the Bitcoin Trades? @CNBC @FoxNews @POTUS
1565208249330241537,369forecast,2022-09-01 05:21:41+00:00,BItcoin - Long above upper blue line - short below lower blue line. https://t.co/HOauTGWUHg
1565208242892021764,CardanoTracker,2022-09-01 05:21:39+00:00,"Current #Cardano price Alert: 

#ADA $0.4496 USD
#Bitcoin 2.2361105999401183e-05 BTC
#Ethereum 0.0002881718776038662 ETH

Follow for recent Cardano price updates
#altcoin #crypto #cryptocurrency"
1565208239570026496,LivePriceCrypto,2022-09-01 05:21:39+00:00,"#Bitcoin Last Price $20106 #BTC üöÄ
Weekly Indicators:
‚Ä¢Variation since Monday 00h00(UTC): +2.81%
‚Ä¢MACD:
 -MACD Line: -5063
 -Signal Line: -5276

#Ethereum Last Price $1560 #ETH
‚Ä¢Variation: +9.39%
‚Ä¢MACD:
 -MACD Line: -324
 -Signal Line: -380

#Blockchain #Web3
(5/6)
228196"
1565208230426558464,Kate56147236,2022-09-01 05:21:36+00:00,"good morning friends. I wonder which one of you is more? collector - retweet, artist - like üôàüôè #heavykittensband #Bitcoin #ETH #NFTProject #NFTartist #NFTGiveaway #NFTCommunity #NFTs #opensea #SolanaNFTs #Ukraine #solana #matic #metaverse"
1565208222717591553,BTCTradeIdeas,2022-09-01 05:21:35+00:00,$BTC.X $ETH.X $XRP.X Restriction Reference Period for Mt. Gox Bitcoin Repayment Process Will Start Mid-September https://t.co/vEmhz6HANb https://t.co/CiqhJVs7sE https://t.co/pM9i2RaoDQ
1565208218376224768,_AlexLewin,2022-09-01 05:21:34+00:00,@the_bitcoin_bum Super happy for you :)
1565208209517907968,BNB_Tracker,2022-09-01 05:21:31+00:00,"#BinanceCoin price update: $BNB

#BNB $279.02 USD

#Bitcoin 0.01388 BTC

#Ethereum 0.17884 ETH

#altcoin #crypto #cryptocurrency

Follow for recent BNB price updates"
1565208204745019392,crashmoney_,2022-09-01 05:21:30+00:00,"@tradeboicarti16 @kurtwuckertjr @saylor #BTC is not #Bitcoin nor does Kurt scam son, I think you might be misinformed or scared‚Ä¶"
1565208203121643520,pandaxer,2022-09-01 05:21:30+00:00,"Fresh from its Tuesday rally back above the psychologically important $20,000 threshold, bitcoin burrowed in.
The largest cryptocurrency in market value was recently trading at roughly $20,100."
1565208187564969984,StatsMempool,2022-09-01 05:21:26+00:00,"#Bitcoin mempool fees summary in the 60 seconds
Mean = 6087
Median = 1957
Max = 100000
75th Quant = 4924
N.Obs = 136
Interval (fee/vb) = [0 , 24.7]
Block height 752100"
1565208186491228160,StatsMempool,2022-09-01 05:21:26+00:00,"#Bitcoin mempool Tx summary in the last 60 seconds
Mean = 4.72645
Median = 0.03864
Max = 470.28289
75th Quant = 0.26575
N.Obs = 136.0
Block height 752100"
1565208181781176321,shiqi84084285,2022-09-01 05:21:25+00:00,"Bitcoin Steady Above $20K After Drop To $17K ‚Äì A Slow Climb To Green? . After a weekend in which Bitcoin (BTC) experienced realized losses to the tune of&amp;nbsp;$7.3 billion, the largest cryptocurrency has erased all weekend losses and is up over 8 percent to..."
1565208127158603777,carwaxo,2022-09-01 05:21:12+00:00,"Celebrity photos: Oct. 17, 2012 #bitcoin #Celebrity #photos¬†#Oct https://t.co/4ujIOEDfjR"
1565208121924018177,bitcoinagile,2022-09-01 05:21:11+00:00,12k for BTC  for KRAKEN:BTCUSD by BillyK #Bitcoin $BTC https://t.co/UGPCEG6XTG https://t.co/8bRFjyMsIV
1565208121710100480,bmurphypointman,2022-09-01 05:21:11+00:00,#linkedin #twitter #facebook #instagram #tiktok #socialmedia #pinterest #dogecoin #deal #gift #gifts #giftidea #giftideas #shop #shopping #affiliatemarketing #bitcoin #amazon #Onlineshopping for Overstock Deals: Featured Stores at https://t.co/EjBqrch76j
1565208121202597888,weeblueghost,2022-09-01 05:21:10+00:00,"- 
BTC price: $20,120 / ¬£16,812 

49.7 Naks per USD
59.48 Naks per GBP

A #Nak is a millionth of a #Bitcoin. 
A #Sat is one hundred millionth.  
If a Sat is a cent, a Nak is a dollar! 
#Bitcoinprice 

01/09/2022  06:21:09 GMT https://t.co/TifT9WUTMK"
1565208105939615745,Folugboji,2022-09-01 05:21:07+00:00,"I say this all the time #Bitcoin has no motors driving it except popularity.
Thread Below"
1565208092438036482,dailytechsfeed,2022-09-01 05:21:04+00:00,"Ethereum to $2K? ETH price ‚Äòbull flag‚Äô hints at September gains versus Bitcoin, dollar : Tech¬†Daily https://t.co/O621oCBz59"
1565208088981909505,BINGMVENTURES,2022-09-01 05:21:03+00:00,"On Wednesday, Bitcoin‚Äôs mining difficulty jumped 9.26% higher, recording the second highest difficulty rise in 2022.
https://t.co/UY0BAcHw6s"
1565208087656538112,LibertyDaddy,2022-09-01 05:21:02+00:00,@RichardHeartWin Wow they timed it the same week as the CPI and Fed rate hike shortly after. Going to be a bloodbath this September in all risk assets. The good news is we may finally get the big capitulation flush. $BTC #bitcoin #eth $ETH $QQQ $SPY $MSTR
1565208083013451777,reezerr,2022-09-01 05:21:01+00:00,"@KSI Do you have a 1 bitcoin?

3PDL6CxSPsTaYopZSGR7yqvVEmZJwAZaav"
1565208068698345472,CryptoMonnaies,2022-09-01 05:20:58+00:00,Do you think #Bitcoin can survive #ClimateChange and #EnergyCrisis  ?
1565208062293692416,0xEthereumYoda,2022-09-01 05:20:56+00:00,"#Ethereum price update: 

#ETH $1560.15 USD
#Bitcoin 0.07759573821516125 #BTC

Follow for recent ETH price updates
#altcoin, #cryptocurrency, #crypto"
1565208053217116160,newstribeindia,2022-09-01 05:20:54+00:00,"Crypto Price Today Live: Bitcoin holds $20,000; other altcoins fall up to¬†4% https://t.co/I2E7oYXI5o"
1565208038587260929,komicrypto,2022-09-01 05:20:51+00:00,"PolkaFantasy √ó Samurai Guild Games √ó PREMA MAX $30,000 #Giveaway - THIS IS HUGE! I'm in, are you? 

‚ñ∂Ô∏è https://t.co/uFztKo6cfV
#Airdrop #gleam 
@free_bitcoin_fo @higamecrypto @STEPNerAcc"
1565208036838359041,CryptoClayArt,2022-09-01 05:20:50+00:00,"I think I become #cryptoart maximalist ! ü§£üî•üî•

Writing help in multilanguages for onboarding people on rare pepe , Bitcoin , counterparty ! 

Even need to write why all that matters ? 

Sounds like I'm too far now .. can't go back ‚úäüò¨üî•"
1565208010901028864,Somrach51395766,2022-09-01 05:20:44+00:00,Head To Head: Bitcoin Miner Revenues Surpass Ethereum But There‚Äôs More  # #bitcoin #revenues #surpass #ethereum #theres #more #web3 #blockchain #Cryptonews  https://t.co/9Nr8aldqKs
1565207997579726849,oneflewbytheby,2022-09-01 05:20:41+00:00,"@elliot_BTC @MatthewHyland_ It‚Äôs not Bitcoin having a direct impact on things it‚Äôs the algorithms and manipulators having the impact, but when Bitcoin spikes or crashes I don‚Äôt see gold following, ever."
1565207987743993856,truthtracker_,2022-09-01 05:20:39+00:00,"@GordonJohnson19 @Tree_of_Alpha @CryptoHayes @Bitcoin And even if you wanted to buy things with crypto because you believe it will fall in purchasing power vs fiat currency,it is a taxable event(due to regulation)which creates such friction to the transaction to make it unattractive (which is the deliberate intent) due to violence"
1565207987366526978,CardanoTracker,2022-09-01 05:20:39+00:00,"Current #Cardano price Alert: 

#ADA $0.45 USD
#Bitcoin 2.2368573446713834e-05 BTC
#Ethereum 0.0002882915203854137 ETH

Follow for recent Cardano price updates
#altcoin #crypto #cryptocurrency"
1565207939253784577,Chocolate_Lurv,2022-09-01 05:20:27+00:00,"@laughcrysmile1 @DJJASONJOY1 They looked at bitcoin &amp; cos they are short sighted, copied it via a CBDC. They can try to hunt us. You can store billions of dollars on a piece of paper. Also, they need to identify who owns a wallet.

Good luck catching everyone, globally."
1565207937873719296,NicoPrincely,2022-09-01 05:20:27+00:00,"@lisa_hough_ I seen people make up more lies and B.S. for anything as much as they do Bitcoin.

Bit is nothing more than a highly volatile asset, on a 4 years pump and dump Ponzi cycle. It has literally failed at every stated use case. And you people worship it!
It's a cult!"
1565207918324187137,YettaHo73076314,2022-09-01 05:20:22+00:00,$MATIC looks very bullish#crypto #cryptocurrency #blockchain #altcoin#bitcoin #ethereum #btc #eth #xrp #bnb #eos$BTC‚Ä¶
1565207908249665543,vicinreal,2022-09-01 05:20:20+00:00,"The government of Iran has approved a ""comprehensive and detailed"" law for the regulation of #cryptocurrencies. #crypto #cryptocurrency 
https://t.co/6v8CS3sapF"
1565207900569698304,indianinchicago,2022-09-01 05:20:18+00:00,@eth_classic @coinbureau would you consider ethereum classic for its censorship resistance qualities? The hash power is already there so it is as safe as the mighty Bitcoin
1565207888406220801,cyberfellabtc,2022-09-01 05:20:15+00:00,"What Mashinsky did to people who identified as ""Celsians"" #Bitcoin #edenwhaletrap #DepositorsFirst https://t.co/ZLBUWTGUIV"
1565207878465724418,WhittySometimes,2022-09-01 05:20:13+00:00,And here I thought the bitcoin academy at marcy was peak foolishness. https://t.co/TF31pzAfpf
1565207872409161728,bmurphypointman,2022-09-01 05:20:11+00:00,#linkedin #twitter #facebook #instagram #tiktok #socialmedia #pinterest #dogecoin #birthdayweekend #deal #gift #gifts #giftideas #shop #shopping #affiliatemarketing #bitcoin #amazon #Onlineshopping for Overstock Deals: Featured Stores at https://t.co/EjBqrch76j
1565207857561485312,Livingway7,2022-09-01 05:20:08+00:00,"Match Thread: Portland Timbers @ Austin FC https://t.co/Rrjnr6jECn via @Livingway7 

#news #foxnews #trump #goodnews #breakingnews #bbc #today #bbcnews #cnn #livingway #media #tech #sportsnews #bitcoin #health #EntertainmentNews  #thunderstorms #JasminBhasin #PoliceBrutality"
1565207824740876288,11cryptoknight,2022-09-01 05:20:00+00:00,"More Than $203 Million To Be Invested In Infrastructure at Bitcoin Beach in El Salvador

üëâ https://t.co/i3iFXxP5VV

#bitcoin #ETH #Solana #USDINR #Cryptocurency #Crypto #news #nftart #NFT #BTCUSDT #BTCs #SHIB #DOGE #NFTs #ElonMusk #SolanaNFTs #SGXNIFTY"
1565207824635990016,ocean_guild,2022-09-01 05:20:00+00:00,Bitcoin‚Äôs share of market capitalization fell below 40% for the first time since January this year. #GameFi #NFT #nftart #NFTs #NFTCommunity #DeFi #Cryptocurrency #BTC #ETH https://t.co/cA2ckz870i
1565207821381255174,zarko741,2022-09-01 05:19:59+00:00,"BULLRUN VS BEARMARKET  !! üòÇüòâ
#bitcoin #bearmarket #BullRun #magalieberdah #SCAM #influenceuse #Crypto https://t.co/5Ovqwi9gz5"
1565207815404146689,Misha37067244,2022-09-01 05:19:58+00:00,"@Narcopacifist @DravenS17 @HousatonicLive @GigaohmResist ...it is hard  to imagine a  government that would give up its right to issue money and thus to exercise monetary control. For companies, accepting bitcoin would entail huge risks, as its exchange rate volatility could eliminate the company‚Äôs margins in a matter of minutes... https://t.co/jd2BhVqLrW"
1565207807212883969,0xEthereumYoda,2022-09-01 05:19:56+00:00,"#Ethereum price update: 

#ETH $1560.14 USD
#Bitcoin 0.07762620465307435 #BTC

Follow for recent ETH price updates
#altcoin, #cryptocurrency, #crypto"
1565207788850118656,reezerr,2022-09-01 05:19:51+00:00,@LoganPaul @OriginalsDAO 3PDL6CxSPsTaYopZSGR7yqvVEmZJwAZaav I begging you bitcoin 0.2 please
1565207787734372352,omgugel2000,2022-09-01 05:19:51+00:00,"@Bitcoin Saturday and Sunday the losers understand when DXY and Nasdaq
Off market. Sale sale and sale

they are just losers in bear market #bitcoin #bnb #Ethereum #solana #PolygonMatic #shib #dogecoin https://t.co/JcLs2I9HgS"
1565207784919969793,Nishant_Bliss,2022-09-01 05:19:50+00:00,#Bitcoin has fully retraced the price of July in August.
1565207783632699392,Louis7942,2022-09-01 05:19:50+00:00,"@0xPolygon Incredible of Governance system.. 1 human 1 vote.. 
Voting can be divided into several proposals...
#MATIC #Bitcoin"
1565207745057505282,JarretNoDegree,2022-09-01 05:19:41+00:00,@Bitcoin_Woods @DavidBCollum Nu-Clear
1565207735343321088,DropTownNews,2022-09-01 05:19:38+00:00,"Restriction Reference Period for Mt. Gox Bitcoin Repayment Process Will Start Mid-September - 

https://t.co/3GMBqeAJ1X

#Crypto #CryptoNews #CryptoTrends #NFT #NFTNews #NFTRelease #NFTDrop #AltCoin #AirDrop #NFTProject #NFTArtist  #NFTCommunity  #CNFT #CNFTCommunnity"
1565207734391377920,LivePriceCrypto,2022-09-01 05:19:38+00:00,"#Bitcoin Last Price $20107 #BTC üöÄ
Daily Indicators:
‚Ä¢Pivot Fibonacci:
 -Support 1: 19422
 -S2: 18080
 -S3: 15907
 -Middle: 21594
 -Resistance 1: 23767

#Ethereum Last Price $1560 #ETH
‚Ä¢Pivot:
 -S1: 1437
 -S2: 1293
 -S3: 1061
 -M: 1670
 -R1: 1902

#Crypto #DeFi
(3/6)
228194"
1565207731929235457,CardanoTracker,2022-09-01 05:19:38+00:00,"Current #Cardano price Alert: 

#ADA $0.450496 USD
#Bitcoin 2.24e-05 BTC
#Ethereum 0.00028865 ETH

Follow for recent Cardano price updates
#altcoin #crypto #cryptocurrency"
1565207728154460162,21Bitcoiner21,2022-09-01 05:19:37+00:00,"@rovercrc Yes it is highly probable #Bitcoin could go down to $10,000 and up x20 to x30 times in the next halving."
1565207728028393472,LntSpartan,2022-09-01 05:19:37+00:00,@bitcoin_duniya Let's see what happens
1565207727097495552,TgThegoose,2022-09-01 05:19:36+00:00,"Cryptocurrency Price Today: Crypto markets in red; Cardano, Polkadot, Shiba Inu down while Bitcoin, Polygon¬†rise https://t.co/U1toeAWSqA"
1565207725625118720,Gmventuresvn,2022-09-01 05:19:36+00:00,"üìâ #Bitcoin $BTC Number of UTXOs in Profit (7d MA) just reached a 1-month low of 97,731,085.244

View metric:
https://t.co/Bhf39KGmdI https://t.co/DkvCpPWYRL"
1565207712203358208,Arifai777,2022-09-01 05:19:33+00:00,Restriction Reference Period for Mt. Gox Bitcoin Repayment Process Will Start Mid-September https://t.co/hepW20Y3SW
1565207702825050114,BNB_Tracker,2022-09-01 05:19:31+00:00,"#BinanceCoin price update: $BNB

#BNB $279.0 USD

#Bitcoin 0.01386 BTC

#Ethereum 0.17862 ETH

#altcoin #crypto #cryptocurrency

Follow for recent BNB price updates"
1565207679018024960,NMforexGold,2022-09-01 05:19:25+00:00,"Today's profit booked by our client üíØ

Would you like to earn this kind of profit kindly join our professional signal group üëá

https://t.co/1hVXiVqh4q

#trade #forexgroup #dawjones #goldanalysis #consistent #BTCUSD #bitcointrading #swingtrading #profit #Bitcoin https://t.co/cFw2dcmmEL"
1565207666062151681,JoshuaClemens17,2022-09-01 05:19:22+00:00,Over $100 Million Liquidated in an Hour as Bitcoin Dumps by $1.5K $GHC #GalaxyHeroes https://t.co/K8dGtPSl6t
1565207662937001984,planetalex1,2022-09-01 05:19:21+00:00,"Check out this item https://t.co/zhrEaDyhQr via @opensea 

#nfts #nft #nftart #nftcommunity #nftcollector #nftartist #crypto #digitalart #cryptoart #art #ethereum #opensea #nftcollectors #blockchain #nftdrop #cryptocurrency #nftcollectibles #bitcoin #openseanft #nftcollection"
1565207647208587264,metaverseplane,2022-09-01 05:19:17+00:00,Cyptocurrencies Instant #Bitcoin #Crypto https://t.co/Iocun51JMB
1565207632788455424,bitcoinagile,2022-09-01 05:19:14+00:00,"MICRO #bitcoin FUTURES MBT1, H4 Potential for Bearish Drop for CME:MBT1 by Genesiv https://t.co/I6LVLGWUao https://t.co/Z9vp7cGMA2"
1565207606414774272,Bitcoin_Woods,2022-09-01 05:19:08+00:00,@DavidBCollum I concur.
1565207602828644352,BowTiedPriceBot,2022-09-01 05:19:07+00:00,"Bitcoin: $20,128.00
Ethereum: $1,560.70
$ETH / $BTC: 0.07754"
1565207599708262400,0xIndia,2022-09-01 05:19:06+00:00,"üáÆüá≥ ‡§¨‡§ø‡§ü‡§ï‡•â‡§á‡§®(BTC) ‡§Ü‡§∞‡•ç‡§¨‡§ø‡§ü‡•ç‡§∞‡•á‡§ú ‡§∏‡§Ç‡§≠‡§æ‡§µ‡§®‡§æ ‚Äº
  ‚úÖBestAsk Exchange:Wazirx
  ‚¨áPrice (BUY): 1BTC = 1,691,000 INR
  ‚úÖBestBid Exchange:Coindcx
  ‚¨ÜPrice (SELL): 1BTC = 1,738,200 INR
 üí∞üí¥Trading Profitüí¥üí∞47,200 INR
#Bitcoin #BTC #India #BTCINR #Arbitrage"
1565207583337680901,CryptoC_Updates,2022-09-01 05:19:02+00:00,"Bitcoin(BTC): U$20084.47 1h: +0.32% üìà
yearn finance(YFI): U$8934.97 1h: +0.24% üìà
PAX Gold(PAXG): U$1699.81 1h: +0.08% üìà"
1565207573669613568,dika_dinar2,2022-09-01 05:19:00+00:00,"@mind_blockchain @cz_binance @Bitcoin @VitalikButerin @FTX_Official @Uniswap @CNN @FoxNews @MentalHealthAm @mhn247 @Buccaneers @RaysBaseball @TBLightning @FOX13News @TB_Times the best time to plant a tree was 20 years ago. this is the right time to be a part of this great project, do well invite your friends and family to participate in this project @mind_blockchain ü§©ü§©ü§©
@DikaDinar3   @dika29304369 @dikadinar2"
1565207570666737664,reezerr,2022-09-01 05:18:59+00:00,"@LoganPaul @KSI @PrimeHydrate I did it price please 

3PDL6CxSPsTaYopZSGR7yqvVEmZJwAZaav  ( Bitcoin )    0.2 Bitcoin"
1565207552694124544,0xEthereumYoda,2022-09-01 05:18:55+00:00,"#Ethereum price update: 

#ETH $1560.7 USD
#Bitcoin 0.07761445 #BTC

Follow for recent ETH price updates
#altcoin, #cryptocurrency, #crypto"
1565207533140480000,HHinarie,2022-09-01 05:18:50+00:00,"This project continues to please, it seems that the guys are doing something worthwhile, everyone must be acquainted! #inddais #binance #bnb #crypto #bitcoin"
1565207512420388864,james_quir,2022-09-01 05:18:45+00:00,EDGEFOREX1: #edgeforex #forex #trading #MT4 #forexsignals #cryptocurrency #bitcoin https://t.co/FPESAcKI63
1565207491625242624,darkcholate12,2022-09-01 05:18:40+00:00,make #bitcoin by doing micro jobs on @jobboycom
1565207490416873472,paxchronx,2022-09-01 05:18:40+00:00,"Listing price 3.5 ETH https://t.co/NykPESnBC9
‚Ä¢
‚Ä¢
‚Ä¢
‚Ä¢
‚Ä¢
#investing #NFT #virtualland #crypto #Metaverse #realestateinvesting #nftcollectors #realestate #MetaApes #nftcommunity #Opensea #nftgiveaway #nftartist #cryptoart #nftart #NFTs #nftart #NFTdrops #eth #bitcoin https://t.co/Fsm533W70D"
1565207480610832385,LivePriceCrypto,2022-09-01 05:18:38+00:00,"#Bitcoin Last Price $20098 #BTC üöÄ
Daily Indicators:
‚Ä¢Variation since 00h00(UTC): +0.23%
‚Ä¢MACD:
 -MACD Line: -806
 -Signal Line: -632

#Ethereum Last Price $1559 #ETH
‚Ä¢Variation: +0.31%
‚Ä¢MACD:
 -MACD Line: -42
 -Signal Line: -21

#Blockchain #Web3
(2/6)
228193"
1565207478748463104,CardanoTracker,2022-09-01 05:18:37+00:00,"Current #Cardano price Alert: 

#ADA $0.4495 USD
#Bitcoin 2.2357589120732476e-05 BTC
#Ethereum 0.00028819460027825687 ETH

Follow for recent Cardano price updates
#altcoin #crypto #cryptocurrency"
1565207469550338048,Bitcoin__Banks,2022-09-01 05:18:35+00:00,Accepted breakouts and mean reversion trades until a proper set up.
1565207469319528448,Trudy41060464,2022-09-01 05:18:35+00:00,"üëÖüíä

What happens when you pop an Ether Pillz?

üëÖüåüüåüüåüüíä

#metaverse #nft #nfts #bayc #NFTcollectibles #nftart #NFTdrop #etherpillz #Azuki #Ethereum #bitcoin #xrp #sol #eth #crypto https://t.co/95ia3Wf1My https://t.co/z0wbxyF5mp"
1565207467113426944,jiahui68785822,2022-09-01 05:18:34+00:00,"Falling Dominoes as Miners and HODLers Capitulate . The Bitcoin market reeled from a massive deleveraging event, falling below the 2017 USD 20000 high, Both on-chain DeFi markets and off-chain entities were,,,"
1565207441515503617,whats_bitcoin,2022-09-01 05:18:28+00:00,@BreadsticksMea1 @jolenebuntinguk Dark situation
1565207436838854657,read_xkrip,2022-09-01 05:18:27+00:00,Bitcoin Mining Difficulty Sees Largest Increase Since January https://t.co/y8imZeGk7O #bitcoin #blockchain #cryptotrader
1565207420875538432,Bitcoin_Woods,2022-09-01 05:18:23+00:00,@catoletters @taxistheft This is why opposing taxes and paying none is a moral obligation of the sovereign individual.
1565207403377082369,j74315998,2022-09-01 05:18:19+00:00,@cburniske So you‚Äôre saying Bitcoin IS crypto after all‚Ä¶?
1565207399073550336,Bitcoin_Food,2022-09-01 05:18:18+00:00,@ninaturner She's one of the greatest female players.
1565207396628275201,CoinxHigh,2022-09-01 05:18:18+00:00,"JUST IN: Investors switch from #Filecoin (FIL) and #Helium (HNT) to https://t.co/nr9YHZRK9n (CRNO), prioritizing real-world asset ownership over decentralized data storage and Transfer.
#CryptoNews #Cryptocurrency #Crypto #BTC #BNB #ETH

https://t.co/W6d2gfMmHs..."
1565207374465765376,CoryRey44410218,2022-09-01 05:18:12+00:00,@OTC_Bitcoin Crazy
1565207361458999296,Elonsuxballs,2022-09-01 05:18:09+00:00,Times have changed a little and people will move away from bitcoin but they will not touch your #CBDC's. They will opt to a supply everyone starts with the same amount and creates at the same rate upon creation of supply. When new supply is minted it will go to all people.
1565207360444022785,Elonsuxballs,2022-09-01 05:18:09+00:00,Hey @UN @federalreserve the reason people choose #Bitcoin over your fiat is because it has a limited supply and anyone could mine from nature to obtain it. Kind of like..... GOLD.
1565207354739953666,tourbillion38,2022-09-01 05:18:08+00:00,@menlobear Less than zero. The whole sell you house and buy Bitcoin was the below zero part
1565207346615390210,alert_shark,2022-09-01 05:18:06+00:00,"#Bitcoin üìà 

‚ñì‚ñì‚ñì‚ñë‚ñë‚ñë‚ñë‚ñë‚ñë‚ñë‚ñë‚ñë‚ñë‚ñë‚ñë 21%

price:$20096.64      eth/btc: 0.08"
1565207345101094912,muellerberndt,2022-09-01 05:18:05+00:00,"@ercwl While all this is happening, banks and governments conspire to enforce Ripple maximalism by regulation. Bitcoin and Ethereum are banned and XRP becomes IBAN on steroids but with smart contracts. XRP replaces the dollar as the world reserve currency."
1565207339396993025,cryptomaticbot,2022-09-01 05:18:04+00:00,"üü© CLOSE $CHZ [Futures Scalping]
#CHZUSDT
Average Entry: $0.21022
Close Price: $0.2108
PNL: 2.76% profit

#Chiliz #Binance #Bitcoin #Metaverse #NFT #Web3 #Altcoins"
1565207332589412352,The_CryptoHUB,2022-09-01 05:18:02+00:00,"ü•áü•àü•â Largest Crypto
üìä Current Prices üé≠

BTC-USD: #N/A
BTC-EUR: #N/A
ETH-USD: #N/A
ETH-EUR: #N/A
LTC-USD: #N/A
LTC-EUR: #N/A
XRP-USD: #N/A
XRP-EUR: #N/A

#BItcoin #ETH"
1565207321164529664,Grepnetics,2022-09-01 05:18:00+00:00,"The tech sector has a #diversity #problem. 
https://t.co/RqCUrO4eg2

#cryptocurrencies #MachineLearning #AI #Python #DeepLearning #100DaysOfCode #fintech #nocode #bitcoin #cybersecurity #cybersecurite #metaverse #NFTs #web3 #Tesla https://t.co/n8YiqlV04H"
1565207320644173824,btc_premier,2022-09-01 05:18:00+00:00,"#Bitcoin Price: $20,098üìà https://t.co/Z3A8H2HdhX"
1565207315317510144,Scarcifiable,2022-09-01 05:17:58+00:00,‚ÄúNone but ourselves can free our minds.‚Äù‚Äî@bobmarley on #Bitcoin
1565207310649245696,btc_price_,2022-09-01 05:17:57+00:00,"$BTC PRICE : $20097
Change 24h :+0.25% üìà #bitcoin #BTC"
1565207301883142145,URECOMM,2022-09-01 05:17:55+00:00,"Bitcoin maximalist Saylor getting sued for tax fraud, volatility expected ahead of Ethereum‚Äôs Merge https://t.co/HI0suLTUtv"
1565207300327063552,girls_bitcoin,2022-09-01 05:17:55+00:00,Whoa. https://t.co/yfLBObg0Ts
1565207299446145024,0xEthereumYoda,2022-09-01 05:17:54+00:00,"#Ethereum price update: 

#ETH $1558.66 USD
#Bitcoin 0.07755314469727277 #BTC

Follow for recent ETH price updates
#altcoin, #cryptocurrency, #crypto"
1565207290604670976,AaronAbyss_,2022-09-01 05:17:52+00:00,Commit tax fraud and sell everything you own or your short #Bitcoin
1565207277300109312,truthtracker_,2022-09-01 05:17:49+00:00,"@GordonJohnson19 @Tree_of_Alpha @CryptoHayes @Bitcoin As Gresham‚Äôs Law suggests ‚ÄúBad money forces out good‚Äù, in other words why would anyone want to spend money that is consistently rising in value when they can instead spend money that is falling in value (inflating in supply, reducing in scarcity,falling in purchasing power)"
1565207249311637504,RubyTor30489915,2022-09-01 05:17:43+00:00,"@dfinitygangs @GoBazzingainc This is so amazing. I am impressed with this project, hopefully with this event and the community and especially this project can achieve success.
@Bitcoin 
@BillyM2k"
1565207247231279105,digicloudm,2022-09-01 05:17:42+00:00,"Bitcoin holds $20K, but analysts say BTC open interest leaves room for ‚Äòmore¬†deleveraging‚Äô https://t.co/hLDQ32BqrA"
1565207245268213760,AngelicaCrypto,2022-09-01 05:17:42+00:00,@OTC_Bitcoin All from the same rotten tree üå≥
1565207240675676161,Bharat44164737,2022-09-01 05:17:40+00:00,"@saylor Can't buy everyone is not a billionaire likes you. I am
Chillerion. Send bitcoin if you are like to help chiller-ions.
Btc- bc1q5g4emvwhl97k7qmtqqxx8u8e9v5xjvy7wkk878"
1565207238595473408,squareapple3,2022-09-01 05:17:40+00:00,@TerraClassicTM @cz_binance 11 days left to be a billionaire.. sale bitcoin and buy Mini Bitcoin (Luna Classic).
1565207229590310914,cdnpolitoon,2022-09-01 05:17:38+00:00,Is this a Bitcoin address üòÇ https://t.co/YlEYzKcWed
1565207223416258560,Crypto_king66,2022-09-01 05:17:36+00:00,#cryptocurrency #cryptocurrencies #CryptoNews #Bitcoin #Ethereum....#lunac is now in top 40 #cryptocurrency Unbelievable.Get a bag while it is cheap because lunac is not stopping.. https://t.co/WycWIN8npG
1565207222954631170,CardanoTracker,2022-09-01 05:17:36+00:00,"Current #Cardano price Alert: 

#ADA $0.45 USD
#Bitcoin 2.2389452080353257e-05 BTC
#Ethereum 0.00028855402372555305 ETH

Follow for recent Cardano price updates
#altcoin #crypto #cryptocurrency"
1565207220387733504,mika_efer,2022-09-01 05:17:36+00:00,"Check out the Bionic Apes NFT collection on @LooksRare üëÄ üíé https://t.co/gxrxh5W0hU 

#nft #Crypto #cryptopunks #CryptoCommunity #NFTCommunity #NFTs #APE #Bitcoin #buy #Cryptos #nftart #NFTProject #bionicape #APE"
1565207216487006210,SellBuyLand,2022-09-01 05:17:35+00:00,"Yeni listeme

```
#MEXC 
Coin: #WDOGE 
Market pairs:
WDOGE/USDT

```

#btc #bitcoin #crypto

Discord sunucumuza katilin üëá

Link: https://t.co/jPITWYRQCz https://t.co/g6kQw5TwYn"
1565207212246573056,VeilleCyber3,2022-09-01 05:17:34+00:00,"Why #Selfdrivingcars have nothing on Japan‚Äôs #selfcaptaining #ships
https://t.co/ZRne0bbbJP

#cryptocurrencies #MachineLearning #AI #Python #DeepLearning #100DaysOfCode #fintech #nocode #bitcoin #cybersecurity #cybersecurite #metaverse #NFTs #web3 #Tesla https://t.co/40W5ZnEj3B"
1565207198153682944,david89199360,2022-09-01 05:17:30+00:00,@goodfreephotos @El_Capitano66 @MoonLamboio I have made plenty money trading XRP. Crypto has always been mostly baseless hype that includes Bitcoin. XRP is actually one of the few with real world use case. The adoption is there lol you only look at price but like most crypto guys don't understand business.
1565207195297398784,BNB_Tracker,2022-09-01 05:17:30+00:00,"#BinanceCoin price update: $BNB

#BNB $278.89 USD

#Bitcoin 0.01388 BTC

#Ethereum 0.17874 ETH

#altcoin #crypto #cryptocurrency

Follow for recent BNB price updates"
1565207195205001216,AdwinSafc,2022-09-01 05:17:30+00:00,Bitcoin in winter! https://t.co/bXjTzgDhfm
1565207187525451778,YourNewBooks,2022-09-01 05:17:28+00:00,"What's happening in El Salvador, the world's first to use Bitcoin as legal tender? (2021)
https://t.co/bXi4LUl3Oo Translated using #MicrosoftFlow"
1565207178436157442,Hanakookie1,2022-09-01 05:17:26+00:00,@resistancemoney @henrymagram @craigwarmke Nodes in bitcoin don‚Äôt upgrade to the newest version most of the time. And as soft forks we don‚Äôt have too. So Henry there is no there there. Get over it.
1565207174803992577,WinInStox,2022-09-01 05:17:25+00:00,"A picture is worth a thousand words, below is what this picture tells me... (Contd. in comments)

$MSFT #StockMarket #QQQ #SPY $SPX $SPY $NDX $QQQ #investing #stockmarketcrash #stocks #StocksToBuy #StockMarketindia #ETH $AAPL $NVDA $NFLX $FB $GOOG #Crypto #Bitcoin #BTC #BTCUSDT https://t.co/rPr973j3WL"
1565207113579859973,RodWickCl,2022-09-01 05:17:10+00:00,Bitcoin and Ethereum Prices Remains Unchanged While Crypto Market Cap Struggles Below $1 Trillion https://t.co/g2erEqRGb7 #binance #Ethereum #Ftx #Crypto #Sol #BTC #Kucoin #Ada
1565207112640348162,Fratta21,2022-09-01 05:17:10+00:00,#LUNC doesn‚Äôt care about #Bitcoin . Bright future ahead. #LUNAClassicCommunity üî•üî•üî•
1565207107502329856,21Bitcoiner21,2022-09-01 05:17:09+00:00,@rovercrc #Bitcoin can't be valued anymore with fiat in the future once fiat is dead
1565207089210789890,tommyr345,2022-09-01 05:17:04+00:00,"Bearish day, Fed's Mester said don't expect cuts in 2023, bonds are selling off - US 2-yr tops 3.5pc first time since 2007 - Aussie house prices falling, equities dumped, #bitcoin back near 20k https://t.co/nQYPhkWJ25"
1565207088829177856,StckPro,2022-09-01 05:17:04+00:00,$BTC NEW ARTICLE : Restriction Reference Period for Mt. Gox Bitcoin Repayment Process Will Start Mid-September https://t.co/WHEb88QR72 Get all the latest $BTC.X related news here : https://t.co/d5OtN9qJQp https://t.co/6bpif69Pcy
1565207079681409024,BtcLiberty,2022-09-01 05:17:02+00:00,@the_bitcoin_bum Grats n sats
1565207052846514176,Somrach51395766,2022-09-01 05:16:56+00:00,Tesla Bitcoin Investment Dwindles By $440 Million As Crypto Winter Drags On  # #bitcoin #investment #dwindles #million #crypto #winter #on #Crypto #web3 #Cryptocurrency #blockchain @cryptovicenet  https://t.co/NDHg1Gv1Kc
1565207044004757504,0xEthereumYoda,2022-09-01 05:16:54+00:00,"#Ethereum price update: 

#ETH $1560.32 USD
#Bitcoin 0.07763268860003732 #BTC

Follow for recent ETH price updates
#altcoin, #cryptocurrency, #crypto"
1565207014526967808,CryptoL0ck,2022-09-01 05:16:47+00:00,Bitcoin dump imminent. @saylor selloff to avoid jail.
1565207007065358336,SSWmastering,2022-09-01 05:16:45+00:00,@web3onrise @SamiBangash43 @NischalShetty The only thing that can make this happen is marketing &amp; education about defi/crypto. Every dev who has made a project anytime after bitcoin was created is to blame for not putting in the work to spread the word.
1565207004355776512,Seasoner19,2022-09-01 05:16:44+00:00,"@DarkyOld There is absolutely zero fear here discussing monetary policy with a a middle aged man who is investing in bitcoin, let me tell you squire. 

I also tried to read this ^ paragraph 4/5 times with no such luck. 

What are you trying to articulate? You‚Äôd like to piss on me? üòÇüòÇ"
1565207003269632000,SaraSurender,2022-09-01 05:16:44+00:00,BItcoin - Long above upper blue line - short below lower blue line. https://t.co/dOlOtZD31i
1565206980574097408,Fel0niousMusic,2022-09-01 05:16:38+00:00,"@utxoONE If you‚Äôre doing it right, those prices should be much closer together and overall cheaper than their dollar equivalent in today‚Äôs value.

But still, numeraire will always exist in the dominant currency. #Bitcoin is an Electronic Cash SYSTEM."
1565206975411113984,LivePriceCrypto,2022-09-01 05:16:37+00:00,"#Bitcoin Last Price $20100 #BTC üöÄ
Weekly Indicators:
‚Ä¢Pivot Fibonacci:
 -Support 1: 32076
 -S2: 22276
 -S3: 6412
 -Middle: 47940
 -Resistance 1: 63804

#Ethereum Last Price $1560 #ETH
‚Ä¢Pivot:
 -S1: 1550
 -S2: 570
 -M: 3137
 -R1: 4724
 -R2: 5704

#Crypto #DeFi
(6/6)
228191"
1565206970629586947,Bitcoin_Woods,2022-09-01 05:16:36+00:00,"@SorenSchifter The only reason for inflation is the expansion of the monetary base

If you print money to deficit spend, you create inflation 

It is very simple

Has nothing to do with Covid or the war. It is the REACTION to external circumstances (aka money printing) that causes inflation."
1565206968377147392,CardanoTracker,2022-09-01 05:16:36+00:00,"Current #Cardano price Alert: 

#ADA $0.450373 USD
#Bitcoin 2.241e-05 BTC
#Ethereum 0.00028941 ETH

Follow for recent Cardano price updates
#altcoin #crypto #cryptocurrency"
1565206930058010624,Adnan65336073,2022-09-01 05:16:26+00:00,Are NFT the next shitcoin or Bitcoin #BAYC
1565206916686442496,cryptogainn,2022-09-01 05:16:23+00:00,"~Bitcoin and Ethereum Prices Remains Unchanged While Crypto Market Cap Struggles Below $1 Trillion - NullTX~
#crypto #cryptonews #cryptocurrency 
https://t.co/wP4keeP41u https://t.co/fRFayTuhlN"
1565206910684446721,HotcoinGlobal,2022-09-01 05:16:22+00:00,"Hope you get more out of the crypto market in September!üìà

#Bitcoin #Crypto #altcoin"
1565206860550086656,CocoChen123456,2022-09-01 05:16:10+00:00,"@CryptoCloaks Are you also in the bitcoin mining business?

Our company mainly supply variety of ASIC / GPU bitcoin and cryptocurrency miners, mining equipment, relevant parts like graphics card and SSD etc. 

Maybe we can try to cooperate and achieve a win-win„ÄÇ
Whatsapp: +86 17825541578"
1565206848679989250,ShitcoinCharts,2022-09-01 05:16:07+00:00,Thoughts on $BTC #Bitcoin! See BillyK's idea on TradingView below. https://t.co/ltqSKuyufJ
1565206826425122816,ontopofBitcoin,2022-09-01 05:16:02+00:00,"An open source protocol to custody and transact bitcoin in a community context, built on a strong foundation of privacy.

@fedimint 

https://t.co/H8cnQBMezi"
1565206825825439744,CocoChen123456,2022-09-01 05:16:02+00:00,"@DCentralTech Are you also in the bitcoin mining business?

Our company mainly supply variety of ASIC / GPU bitcoin and cryptocurrency miners, mining equipment, relevant parts like graphics card and SSD etc. 

Maybe we can try to cooperate and achieve a win-win„ÄÇ
Whatsapp: +86 17825541578"
1565206825091436544,TheCoinriseCom,2022-09-01 05:16:01+00:00,"#Bitfury CEO Brian Brooks believes that Fed‚Äôs approach to inflation is hurting crypto 

#crypto #bitcoin #CoinMarketCap #blockchain #cryptocurrency #btc #ADA #NFT #NFTs #WEB3 #ETH #XRP

https://t.co/CCCqzw6H3Q https://t.co/qmjT4oBjT9"
1565206824445325314,pablo_pablojhab,2022-09-01 05:16:01+00:00,will follow anyone who posts a good bitcoin meme
1565206795710234624,SafeMoonSpidey,2022-09-01 05:15:54+00:00,"You think think Bitcoin millionaires were candle chasers? What about Dogecoin millionaires? I‚Äôm pretty sure that most aren‚Äôt. They are people that held through FUD and ‚Äúcrypto winters‚Äù.

They say, ‚ÄúGood things come, to those who [HODL].‚Äù üòâ
2/3"
1565206795353817088,CocoChen123456,2022-09-01 05:15:54+00:00,"@DCentralTech Are you also in the bitcoin mining business?

Our company mainly supply variety of ASIC / GPU bitcoin and cryptocurrency miners, mining equipment, relevant parts like graphics card and SSD etc. 

Maybe we can try to cooperate and achieve a win-win„ÄÇ
Whatsapp: +86 17825541578"
1565206789578231809,0xEthereumYoda,2022-09-01 05:15:53+00:00,"#Ethereum price update: 

#ETH $1555.93 USD
#Bitcoin 0.07744318 #BTC

Follow for recent ETH price updates
#altcoin, #cryptocurrency, #crypto"
1565206787787194368,freecryptousd,2022-09-01 05:15:53+00:00,"#ETH Liquidated Short: $63.9K at $1559.74

Real Time #Crypto Informations : 
#BTC¬† #BNB¬† #ETH #Liquidation
#Bitcoin¬† #Binance¬† #Ethereum"
1565206782230003713,Bitcoin_stop,2022-09-01 05:15:51+00:00,We are flying up at full speed üöÄüöÄüöÄ https://t.co/VL3aIfqrUS
1565206782003126272,0x0606,2022-09-01 05:15:51+00:00,"@saylor The purpose of the creation of money is to purchase with the value that we agreed. What about Bitcoin? Besides anonymity, traceable, uneditable?"
1565206781978374144,BarensHarry,2022-09-01 05:15:51+00:00,"Michael Saylor  being sued for Tax fraud, He has a bad month , Part of his Bitcoin liquidated,Dumped as head of Microtragedy https://t.co/iVrYZGyWBo"
1565206758267580417,apphozieritunes,2022-09-01 05:15:45+00:00,"I'm playing #lnbingo! This card is for draw 752101 (the next #bitcoin block to be mined). Learn how to play at @lnbingo.

https://t.co/gIGXQvsgPw"
1565206756577378306,Bitcoin8News,2022-09-01 05:15:45+00:00,"The $BTC price is at $20,099 right now.
üü¢ Compared to the last tweet, the price has increased by $50.33 (0.25%).
üî¥ In the last 24 hours the price has dropped by $227.52 (1.12%).

#Bitcoin #BTC https://t.co/3Kwou78MM2"
1565206747173855233,robertdavid010,2022-09-01 05:15:43+00:00,@DylanLeClair_ You can not do anything other than payments with the #Bitcoin protocol. Thats why nobody talks about it in tech or academia. There is no point.
1565206741926551552,rani60209650,2022-09-01 05:15:42+00:00,"The #blockchain unicorn created Web3 Engine as a developer tool set targeting #DeFi, #GameFi and #NFT products and services.

#cryptocurrency #bitcoin #market #btc #cryptocurrencymarket #news #coins #SolanaNFTs #Solana #web3 #Fireblocks #GameFi‚Äå #DeFi #Launch https://t.co/C28TLLztkn"
1565206741599801344,Jeet47071623,2022-09-01 05:15:41+00:00,"Are you ready Bitcoin is coming soon 17500-15500-13900-12000 buying in parts 
@Mysteryofcrypt 
@cz_binance 
@50cent 
@CelerNetwork 
@pushpendrakum 
@klever_io 
@Investingcom 
@urjaglobal 
@bitforexcom 
@klaytn_official 
@BitcoinFear 
@iotex_io 
@ElSalvadorBTC_ 
@MicroStrategy"
1565206727552892929,CocoChen123456,2022-09-01 05:15:38+00:00,"@Greenminingdao @Whatsminer_MBT Are you also in the bitcoin mining business?

Our company mainly supply variety of ASIC / GPU bitcoin and cryptocurrency miners, mining equipment, relevant parts like graphics card and SSD etc. 

Maybe we can try to cooperate and achieve a win-win„ÄÇ
Whatsapp: +86 17825541578"
1565206722545057792,LivePriceCrypto,2022-09-01 05:15:37+00:00,"#Bitcoin Last Price $20090 #BTC üöÄ
Weekly Indicators:
‚Ä¢Variation since Monday 00h00(UTC): +2.72%
‚Ä¢MACD:
 -MACD Line: -5064
 -Signal Line: -5277

#Ethereum Last Price $1560 #ETH
‚Ä¢Variation: +9.35%
‚Ä¢MACD:
 -MACD Line: -324
 -Signal Line: -380

#Blockchain #Web3
(5/6)
228190"
1565206714965794817,CardanoTracker,2022-09-01 05:15:35+00:00,"Current #Cardano price Alert: 

#ADA $0.4499 USD
#Bitcoin 2.238008943081747e-05 BTC
#Ethereum 0.0002883807985436738 ETH

Follow for recent Cardano price updates
#altcoin #crypto #cryptocurrency"
1565206714173243392,DustMacro,2022-09-01 05:15:35+00:00,#Bitcoin boom or bust? What's your take üëá https://t.co/sIdPp09J9m
1565206712847839232,TheCryptoRss,2022-09-01 05:15:35+00:00,"The Rehabilitation Trustee for the Mt. Gox BTC repayment plan, Nobuaki Kobayashi, released a new document at the start of the restriction reference period.

https://t.co/RLorM7Rn5D https://t.co/8EN8QAaqBe"
1565206709370585090,Donovan981141,2022-09-01 05:15:34+00:00,"#passiveincome #bitcoin #crypto #futuretrade  register below and start earning now , only 20 minutes to withdraw funds‚ô•Ô∏èüí∏üöÄüòâ

https://t.co/tR3TMYjhE3 https://t.co/VZhGBYW8EB"
1565206706660974594,glassnodealerts,2022-09-01 05:15:33+00:00,"üìâ #Bitcoin $BTC Number of UTXOs in Profit (7d MA) just reached a 1-month low of 97,731,085.244

View metric:
https://t.co/JhaqOL08GQ https://t.co/1q5BTImpwv"
1565206689007247362,BNB_Tracker,2022-09-01 05:15:29+00:00,"#BinanceCoin price update: $BNB

#BNB $278.9 USD

#Bitcoin 0.01387 BTC

#Ethereum 0.1786 ETH

#altcoin #crypto #cryptocurrency

Follow for recent BNB price updates"
1565206688411574274,Badguybtc,2022-09-01 05:15:29+00:00,@SoundIsAForce @kluza @profit8lue Are you sure it's not your brain melting because you don't understand mathematically that what you're saying about the Mt Gox Bitcoin isn't even mathematically possible?
1565206687102996482,ChainSnake,2022-09-01 05:15:28+00:00,register on  https://t.co/oK4SdQ4XVK #crypto.com and earn with me #cryptocurrency  #bitcoin #metaverse  #nft #polkadot #solana #ethereum #vechain #cardano $btc $eth $dfi $sol $ada $bnb $vet $doge #dfi #btc  #solana #binance #dogecoin #cryptocom $crp (7:15)
1565206667243016193,ali_hb360,2022-09-01 05:15:24+00:00,"@TKralow If you are right, send to my bitcoin address:

bc1q93ntsd78j6npt4kvvnqx0mnkzdww30dley0ps3"
1565206655297626113,bullishbear16_,2022-09-01 05:15:21+00:00,Bitcoin looks like it's about to fall off the face of the earth lol
1565206634963652608,meta_crunch,2022-09-01 05:15:16+00:00,Restriction Reference Period for Mt. Gox Bitcoin Repayment Process Will Start¬†Mid-September https://t.co/aGD0vd9unN
1565206627900444672,andy06156233,2022-09-01 05:15:14+00:00,@Bitboy_Crypto If Bitcoin is going lower Eth will follow
1565206626457485315,cryptoalerted,2022-09-01 05:15:14+00:00,Litecoin (LTC) Price Analysis: Bulls Struggle Near $56 and $58 #crypto #bitcoin #cryptocurrency #btc #ethereum #blockchain #eth #trading #altcoin #binance #cryptonews  https://t.co/Gg0A9GLbh8
1565206622305230850,crypt0status,2022-09-01 05:15:13+00:00,"1Ô∏è‚É£ #Bitcoin live: 20052.9559$ - Change: %-0.82 üî¥ 

1Ô∏è‚É£ #Ethereum live: 1552.3387$ - Change: %-1.19 üî¥ 

Bonus as much as your investment (Coinbase) https://t.co/SbpSs4s0wh üü¢
    
üïë 08:15

#btc #eth #coin #crypto #Etherium
id: f5eabf9d3f"
1565206607251881984,Broadcastnow1,2022-09-01 05:15:09+00:00,"Next block fee rate: 10 sat/vByte
Half hour fee rate: 7 sat/vByte
Hour fee rate: 1 sat/vByte

You can broadcast now your Bitcoin transaction üòé

#BroadcastNow"
1565206605532385280,John16353117,2022-09-01 05:15:09+00:00,"@RuouAn @BitcoinMagazine I guessed Vietnamese mostly farmers  , majarority do not know about bitcoin"
1565206603590139904,Kate56147236,2022-09-01 05:15:09+00:00,"I see you liked the previous post, so I painted the word nft (spray paint) on the pavement. #heavykittensband #Bitcoin #ETH #NFTProject #NFTartist #NFTGiveaway #NFTCommunity #NFTs #opensea #SolanaNFTs #Ukraine #solana #matic #digitalart #Metaverse #FreeMint #nftcollector https://t.co/0fHB64N1c4"
1565206592249032704,0xIndia,2022-09-01 05:15:06+00:00,"üáÆüá≥ ‡§¨‡§ø‡§ü‡§ï‡•â‡§á‡§®(BTC) ‡§Ü‡§∞‡•ç‡§¨‡§ø‡§ü‡•ç‡§∞‡•á‡§ú ‡§∏‡§Ç‡§≠‡§æ‡§µ‡§®‡§æ ‚Äº
  ‚úÖBestAsk Exchange:Wazirx
  ‚¨áPrice (BUY): 1BTC = 1,691,000 INR
  ‚úÖBestBid Exchange:Coindcx
  ‚¨ÜPrice (SELL): 1BTC = 1,735,006 INR
 üí∞üí¥Trading Profitüí¥üí∞44,006 INR
#Bitcoin #BTC #India #BTCINR #Arbitrage"
1565206576969175041,big_blockers,2022-09-01 05:15:02+00:00,"The current price of Bitcoin is $20089.00.
The current price of BCash is $115.23, or 0.00573597 BTC.
The current price of BCashSV is $51.51, or 0.44701901 BCash."
1565206575920418816,coinjupiter,2022-09-01 05:15:02+00:00,"Bitcoin, Ethereum, Dogecoin, and #Shiba Inu Daily Price Analyses ‚Äì 31 August Roundup via @coinjupiter"
1565206573873614848,whalesradar_com,2022-09-01 05:15:02+00:00,"#KEYUSDT #KEY 
Signal #3  

Last Signal: 94 mins ago 
Before: 0.00440000 
After: 0.00445700 üü¢(1.30%) 
Volume Chng: 79,540 USDT (9.43%) 

Daily  
Price Chng: (4.92%)üü¢ 
Volume: 394,444 USDT 

üöÄPRO ‚û°Ô∏è https://t.co/1EgdzYf2ot üê≥

#Crypto #Bitcoin #BTC #ETH"
1565206571826778112,coinjupiter,2022-09-01 05:15:01+00:00,#Bitcoin and #Ethereum Prices Remains Unchanged While Crypto Market Cap Struggles Below $1 Trillion via @coinjupiter
1565206568089567233,girls_bitcoin,2022-09-01 05:15:00+00:00,@the_bitcoin_bum Congratulations!
1565206567976411136,beranewsnetwork,2022-09-01 05:15:00+00:00,"Bukake spotted at Bitcoin Beach:
https://t.co/Fn83GQqQjS https://t.co/6GDtpLh4C1"
1565206565338206208,newsasia360,2022-09-01 05:14:59+00:00,"Bitcoin maximalist Saylor getting sued for tax fraud, volatility expected ahead of Ethereum‚Äôs Merge https://t.co/l7JADGAiLL"
1565206539413389312,MysterYee21,2022-09-01 05:14:53+00:00,@Crypto_Chase So what's the correlation between this and Bitcoin???
1565206536263270400,0xEthereumYoda,2022-09-01 05:14:53+00:00,"#Ethereum price update: 

#ETH $1555.27 USD
#Bitcoin 0.07750942410777471 #BTC

Follow for recent ETH price updates
#altcoin, #cryptocurrency, #crypto"
1565206529732648962,CocoChen123456,2022-09-01 05:14:51+00:00,"@DLedgerInc Are you also in the bitcoin mining business?

Our company mainly supply variety of ASIC / GPU bitcoin and cryptocurrency miners, mining equipment, relevant parts like graphics card and SSD etc. 

Maybe we can try to cooperate and achieve a win-win„ÄÇ
Whatsapp: +86 17825541578"
1565206517032296448,beincrypto,2022-09-01 05:14:48+00:00,Restriction Reference Period for Mt. Gox Bitcoin Repayment Process Will Start Mid-September üîó Read more: https://t.co/6StZM8xNvH
1565206504386461696,adam3us,2022-09-01 05:14:45+00:00,Shiny for people who like Bitcoin related upmarket bling. Personally prefer the sats however. https://t.co/D1ogHKJQ1Q
1565206500599013376,StackingBob,2022-09-01 05:14:44+00:00,"I am claiming my free Lightning sats from @_bitcoiner's zesty faucet! ‚ö°

@boltcoiner unlock me 87e7c1cd-5371-4c1d-a998-e6c08c8743f4

#Bitcoin #BTC #LN #LightningNetwork #boltcoiner
https://t.co/Bxz3EMhppX"
1565206498548105216,RodneyJoe17,2022-09-01 05:14:44+00:00,"Even Bitcoin is back below $20k. Either BTC market really believe the Fed is going to be successful ""fighting inflation‚Ä¶"
1565206493552693250,ForxEdge,2022-09-01 05:14:42+00:00,EDGEFOREX1: #edgeforex #forex #trading #MT4 #forexsignals #cryptocurrency #bitcoin https://t.co/4Ao0ENLUeL
1565206492382642176,tipsytrav,2022-09-01 05:14:42+00:00,End month = more Bitcoin purchased #Bitcoin
1565206481355657216,TickerTop,2022-09-01 05:14:39+00:00,"1: Bitcoin price is $20052.96 (0.14% 1h)
2: Ethereum price is $1552.34 (0.24% 1h)
3: Tether price is $1.00 (-0.00% 1h)
4: USD Coin price is $1.00 (0.01% 1h)
5: BNB price is $278.12 (0.29% 1h)
10: Dogecoin price is $0.06 (0.08% 1h)"
1565206459817889792,CardanoTracker,2022-09-01 05:14:34+00:00,"Current #Cardano price Alert: 

#ADA $0.45 USD
#Bitcoin 2.2447450518336575e-05 BTC
#Ethereum 0.00028995032184485727 ETH

Follow for recent Cardano price updates
#altcoin #crypto #cryptocurrency"
1565206457628377089,HenryMi60128328,2022-09-01 05:14:34+00:00,$PLSX FAUCET - Just claimed my 100 FREE #PLSX from the https://t.co/d7wNqsqL4k #PulseX #Faucet! Claim your DAILY 100 PLSX for #free from @PulsexTokens @RichardHeartWin #PulseChain #PLS #HEX #ETH #Bitcoin
1565206440100261888,sabbir00333,2022-09-01 05:14:30+00:00,"Take a coffee break and grab a cup of Joe! It's time to challenge yourself about all the coffee stuff you know. You will be amazed by these fun facts and coffee trivia on this quiz.
https://t.co/UtdbSdn3hy
#Video #business #bb24 #Bitcoin #NFTGiveaways #funamuseart #USA https://t.co/46dZqk5DP5 https://t.co/mIXTznQBgo"
1565206436816330754,CocoChen123456,2022-09-01 05:14:29+00:00,"@FriggHalvorsen Are you also in the bitcoin mining business?

Our company mainly supply variety of ASIC / GPU bitcoin and cryptocurrency miners, mining equipment, relevant parts like graphics card and SSD etc. 

Maybe we can try to cooperate and achieve a win-win„ÄÇ
Whatsapp: +86 17825541578"
1565206434668720128,MahindaBRM,2022-09-01 05:14:28+00:00,"This zesty faucet from @_bitcoiner is making me tweet this to claim my free Lightning sats. ‚ö°

@boltcoiner unlock me 8b957e29-609e-4702-b864-40b81eaf21ce

#Bitcoin #BTC #LN #LightningNetwork #boltcoiner
https://t.co/hFWSjDB3dS"
1565206429983985664,shanzi73338680,2022-09-01 05:14:27+00:00,"Bitcoin downturn prompts fresh warning in China about cryptocurrency risks . Investors should beware the risk of bitcoin prices 'heading to zero', according to state-run newspaper Economic Daily,"
1565206427450322946,truthtracker_,2022-09-01 05:14:27+00:00,"@GordonJohnson19 @Tree_of_Alpha @CryptoHayes @Bitcoin What does ‚Äòregulation‚Äô have to do with giving something value?
The free market has always done a good job of deciding what value something has throughout all of history, what govt is good at anything except using the capability of violence to enforce their protection rackets?"
1565206413747666944,bmurphypointman,2022-09-01 05:14:23+00:00,"#makemoneyonline #affiliatemarketing #network #networkmarketing #onlineearning  #bitcoin #btc  #affiliatemarketing  Access to Discounts, Services, and Solutions to Business Members https://t.co/CNEu2i0vb9"
1565206390158888960,CocoChen123456,2022-09-01 05:14:18+00:00,"@BoltMining @Whatsminer_MBT Are you also in the bitcoin mining business?

Our company mainly supply variety of ASIC / GPU bitcoin and cryptocurrency miners, mining equipment, relevant parts like graphics card and SSD etc. 

Maybe we can try to cooperate and achieve a win-win„ÄÇ
Whatsapp: +86 17825541578"
1565206375080271872,DaffyLind,2022-09-01 05:14:14+00:00,@BitcoinMagazine Buying Bitcoin was a good idea. And one more thing - investment in @1inch. DEX aggregator with which I have real income
1565206356243935234,AspakAn59157399,2022-09-01 05:14:10+00:00,üá∏üáª El Salvador‚Äôs #Bitcoin Beach to receive $203 million in infrastructure investments.
1565206337939726339,Matias31621195,2022-09-01 05:14:05+00:00,"This zesty faucet from @_bitcoiner is making me tweet this to claim my free Lightning sats. ‚ö°

@boltcoiner unlock me ec2b6593-0fdc-4c4f-b301-55d5e3a001bc

#Bitcoin #BTC #LN #LightningNetwork #boltcoiner
https://t.co/vpGyERsShk"
1565206332470591493,Invite_Hawk,2022-09-01 05:14:04+00:00,"Bitcoin and Ethereum Struggle to Move Higher, LEO Accelerates https://t.co/ooC0qS5C63 #torrentnews #latest #news"
1565206298278379521,RaptoriusThe1st,2022-09-01 05:13:56+00:00,@AmisdesABC @SenTedCruz Bitcoin is: https://t.co/NLrJEsXKWB
1565206293769781248,ha7617617,2022-09-01 05:13:55+00:00,@profit8lue You are right. it's not time to buy #bitcoin‚ÄØ‚ÄØyet. Now we're in the middle of a cascade.The bottom is still far away. We've just entered the last fifth downward wave.
1565206286274273285,TheCoinriseCom,2022-09-01 05:13:53+00:00,"#Nexo allocates $50M to its routine token buyback¬† 

#crypto #bitcoin #CoinMarketCap #blockchain #cryptocurrency #btc #ADA #NFT #NFTs #WEB3 #ETH #XRP

https://t.co/cIwreCEOt7 https://t.co/DOztpJTiXK"
1565206280628756480,0xEthereumYoda,2022-09-01 05:13:52+00:00,"#Ethereum price update: 

#ETH $1551.99 USD
#Bitcoin 0.0774182638443404 #BTC

Follow for recent ETH price updates
#altcoin, #cryptocurrency, #crypto"
1565206279777394688,TikkerBtc,2022-09-01 05:13:51+00:00,"$BTC Update (Thu Sep 01 2022 - 5:13: AM CUT)
Current price: $20090.835
24h price change: -$262.263 | (-1.29%) ‚ÜòÔ∏è
Mined: 0.9113%
#bitcoin #btc https://t.co/Mj5EjSj8gM"
1565206269404893186,Bitcoin_is_,2022-09-01 05:13:49+00:00,They‚Äôve gone insane. What do they imagine is the end game here? https://t.co/beSvUWuaTT
1565206239080054784,RektFtx,2022-09-01 05:13:42+00:00,"Hourly price Update üó£:
Bitcoin $BTC: 20094 $USDT
Ethereum $ETH: 1555.41 $USDT"
1565206223145902080,BTCHODL21M,2022-09-01 05:13:38+00:00,@Starbucks For #Bitcoin and autumn sake üëâCold Brew with Pumpkin Creamüß°‚ù§Ô∏è
1565206217538113537,LivePriceCrypto,2022-09-01 05:13:37+00:00,"#Bitcoin Last Price $20061 #BTC üöÄ
Daily Indicators:
‚Ä¢Pivot Fibonacci:
 -Support 1: 19422
 -S2: 18080
 -S3: 15907
 -Middle: 21594
 -Resistance 1: 23767

#Ethereum Last Price $1554 #ETH
‚Ä¢Pivot:
 -S1: 1437
 -S2: 1293
 -S3: 1061
 -M: 1670
 -R1: 1902

#Crypto #DeFi
(3/6)
228188"
1565206209572900864,nonik_sugiarto,2022-09-01 05:13:35+00:00,"Hey! I'm using Cointiply to earn free Bitcoin every day, use this link to join and start earning: https://t.co/4Cko3rDJDk"
1565206205546504192,CardanoTracker,2022-09-01 05:13:34+00:00,"Current #Cardano price Alert: 

#ADA $0.44958 USD
#Bitcoin 2.238e-05 BTC
#Ethereum 0.00028905 ETH

Follow for recent Cardano price updates
#altcoin #crypto #cryptocurrency"
1565206205181689865,Rubix_cubie,2022-09-01 05:13:34+00:00,"Rubix found #bitcoin in a User vault at AN ORB! Join me playing #coinhuntworld, It's awesome! https://t.co/jGy6E1UX9h #cryptocurrency #134923 https://t.co/UNaTaRjFDC"
1565206203143266304,EdgeForex7,2022-09-01 05:13:33+00:00,EDGEFOREX1: #edgeforex #forex #trading #MT4 #forexsignals #cryptocurrency #bitcoin https://t.co/4pSlg6BdO3
1565206200664608769,itvc_,2022-09-01 05:13:33+00:00,HIVE Blockchain Technologies Ltd. (NASDAQ:HIVE) Sees Large Growth in Short Interest - MarketBeat https://t.co/0iAPk47dxb #blockchain #bitcoin #technology
1565206197933711360,farter615,2022-09-01 05:13:32+00:00,@the_bitcoin_bum Yeah bud
1565206188643569670,AnimationLine,2022-09-01 05:13:30+00:00,"Bitcoin maximalist Saylor getting sued for tax fraud, volatility expected ahead of Ethereum‚Äôs Merge https://t.co/YvaTuw0GCq"
1565206182347816960,ChainSnake,2022-09-01 05:13:28+00:00,https://t.co/QIa7sIH0vY register on #coinbase and get free 10$ #bonus #cryptocurrency  #bitcoin #metaverse #defichain #nft #polkadot #solana #ethereum #vechain #cardano $btc $eth $dfi $sol $ada $bnb $vet $doge #binance (7:13)
1565206182070992896,BNB_Tracker,2022-09-01 05:13:28+00:00,"#BinanceCoin price update: $BNB

#BNB $277.92 USD

#Bitcoin 0.01386 BTC

#Ethereum 0.17907 ETH

#altcoin #crypto #cryptocurrency

Follow for recent BNB price updates"
1565206124084842497,SolahudeenBiol4,2022-09-01 05:13:14+00:00,"DID YOU KNOW: If Man United bought ¬£80m of Bitcoin in 2019 instead of Maguire, they would have ¬£868m right now. üò≥üî• They chose the wrong investment. üëÄ"
1565206119353651201,girls_bitcoin,2022-09-01 05:13:13+00:00,@nthonyBurtila Epic ha
1565206094909415424,Somrach51395766,2022-09-01 05:13:07+00:00,Decline In Bitcoin Active Addresses Suggests Market Is Purging Paperhands  #decline #bitcoin #active #addresses #suggests #market #purging #paperhands # #web3 #blockchain #Cryptonews  https://t.co/j4IA9hEhoz
1565206073396629504,AceSpad84994197,2022-09-01 05:13:02+00:00,"They said #Bitcoin the king is dead
We say all hale the new king #lunc https://t.co/iJsKWOQyQ5"
1565206053322903553,randomrare99nft,2022-09-01 05:12:57+00:00,"I need a buyer to collect rare from me, I'm sure no one has this item yet #rare #nftcollector #nftcollectors #NFTProject #Binance #Bitcoin https://t.co/biHJHxqbZP"
1565206037950767104,hodler_investor,2022-09-01 05:12:54+00:00,"Link 1: https://t.co/jeaReGL8P8
Link 2: https://t.co/HP8DRHWKZc https://t.co/xN61ISLu2i"
1565206026487562241,0xEthereumYoda,2022-09-01 05:12:51+00:00,"#Ethereum price update: 

#ETH $1555.78 USD
#Bitcoin 0.07744309 #BTC

Follow for recent ETH price updates
#altcoin, #cryptocurrency, #crypto"
